endpoint,granularity,split,treatment,seed,eps,tau,dist,n_train,n_test,threshold,acc_mae,acc_rmse,acc_spearman,acc_n_exact,viol_violation_rate,viol_right_violation_rate,viol_left_violation_rate,viol_n_censored,dec_threshold,dec_false_safe_rate,dec_false_liability_rate,dec_balanced_accuracy,dec_decision_regret,dec_n_resolvable,dec_n_positive,dec_n_negative,cov90,cov90_width,exceed_ece,split_kind,fold,feature_set,anchor_weight,censored_weight
ABCB1_IC50,measurement,random_fold0,weighted_tobit_anchor,0,2.0,0.85,gaussian,1943,486,5.678817209577513,0.5889648175626654,0.8101601737817637,0.753797764927105,452,0.7352941176470589,1.0,0.7272727272727273,34,5.678817209577513,0.15350877192982457,0.26953125,0.7884799890350878,0.23277119553633668,484,228,256,0.5730088495575221,1.283222493459557,0.13774483421398215,random,0,morgan,1.0,2.0
ABCB1_IC50,measurement,random_fold0,weighted_tobit_anchor,0,4.0,0.85,gaussian,1943,486,5.678817209577513,0.5838301758752523,0.8097422626399726,0.7565812893154398,452,0.6176470588235294,1.0,0.6060606060606061,34,5.678817209577513,0.17982456140350878,0.20703125,0.8065720942982456,0.21464739848411327,484,228,256,0.5176991150442478,1.1398631404725008,0.13086606471279327,random,0,morgan,1.0,4.0
ABCB1_IC50,measurement,random_fold0,weighted_tobit_anchor,0,8.0,0.85,gaussian,1943,486,5.678817209577513,0.596603774719833,0.8200399954568652,0.7523171808651392,452,0.5588235294117647,1.0,0.5454545454545454,34,5.678817209577513,0.17105263157894737,0.22265625,0.8031455592105263,0.2138592829188309,484,228,256,0.5309734513274337,1.1130143903680987,0.13509742775477154,random,0,morgan,1.0,8.0
ABCB1_IC50,measurement,random_fold0,weighted_tobit_anchor,1,2.0,0.85,gaussian,1943,486,5.678817209577513,0.5822843055975014,0.8100199590648829,0.7495173469192667,452,0.7058823529411765,1.0,0.696969696969697,34,5.678817209577513,0.19736842105263158,0.23046875,0.7860814144736843,0.22744014038252675,484,228,256,0.5553097345132744,1.2537791595333565,0.14066280831304998,random,0,morgan,1.0,2.0
ABCB1_IC50,measurement,random_fold0,weighted_tobit_anchor,1,4.0,0.85,gaussian,1943,486,5.678817209577513,0.5894707770565697,0.8192247792277852,0.7509676752724099,452,0.7058823529411765,1.0,0.696969696969697,34,5.678817209577513,0.17543859649122806,0.2421875,0.7911869517543859,0.22734827876507,484,228,256,0.5287610619469026,1.192444104473024,0.15055826127746585,random,0,morgan,1.0,4.0
ABCB1_IC50,measurement,random_fold0,weighted_tobit_anchor,1,8.0,0.85,gaussian,1943,486,5.678817209577513,0.5873848492196475,0.8165293848897642,0.755354553210214,452,0.5,1.0,0.48484848484848486,34,5.678817209577513,0.19736842105263158,0.19921875,0.8017064144736843,0.2106689261412291,484,228,256,0.5154867256637168,1.1408753490350856,0.12944360371286753,random,0,morgan,1.0,8.0
ABCB1_IC50,measurement,random_fold1,weighted_tobit_anchor,0,2.0,0.85,gaussian,1943,486,5.690369832574101,0.5452711562450857,0.7659393522862334,0.7799882942487409,450,0.4166666666666667,1.0,0.4,36,5.690369832574101,0.1981981981981982,0.1724137931034483,0.8146940043491768,0.20881387583495595,483,222,261,0.6466666666666666,1.408957924610553,0.0908142263397217,random,1,morgan,1.0,2.0
ABCB1_IC50,measurement,random_fold1,weighted_tobit_anchor,0,4.0,0.85,gaussian,1943,486,5.690369832574101,0.5471803031224205,0.7837872086829853,0.77878369361386,450,0.5,1.0,0.4857142857142857,36,5.690369832574101,0.14414414414414414,0.22988505747126436,0.8129853991922957,0.20497333444687585,483,222,261,0.5444444444444444,1.2476309612271994,0.13014067288434178,random,1,morgan,1.0,4.0
ABCB1_IC50,measurement,random_fold1,weighted_tobit_anchor,0,8.0,0.85,gaussian,1943,486,5.690369832574101,0.5432120086337291,0.776091969220525,0.7784035612347203,450,0.3888888888888889,1.0,0.37142857142857144,36,5.690369832574101,0.18468468468468469,0.15708812260536398,0.8291135963549756,0.20087924920435019,483,222,261,0.64,1.382279064353105,0.11119544939564194,random,1,morgan,1.0,8.0
ABCB1_IC50,measurement,random_fold1,weighted_tobit_anchor,1,2.0,0.85,gaussian,1943,486,5.690369832574101,0.5354271129472945,0.7657142990508139,0.7793723636518962,450,0.4722222222222222,1.0,0.45714285714285713,36,5.690369832574101,0.16216216216216217,0.19923371647509577,0.819302060681371,0.20407900118704975,483,222,261,0.6,1.3048584483197319,0.1212673125369502,random,1,morgan,1.0,2.0
ABCB1_IC50,measurement,random_fold1,weighted_tobit_anchor,1,4.0,0.85,gaussian,1943,486,5.690369832574101,0.5953473417474193,0.822033925864023,0.7760194440483524,450,0.5,1.0,0.4857142857142857,36,5.690369832574101,0.0990990990990991,0.31417624521072796,0.7933623278450865,0.22345836484928755,483,222,261,0.5688888888888889,1.3883398893136627,0.14781813081498768,random,1,morgan,1.0,4.0
ABCB1_IC50,measurement,random_fold1,weighted_tobit_anchor,1,8.0,0.85,gaussian,1943,486,5.690369832574101,0.5362990471939048,0.7703721151184889,0.7833401660232748,450,0.4722222222222222,1.0,0.45714285714285713,36,5.690369832574101,0.15315315315315314,0.20689655172413793,0.8199751475613545,0.19165391410456764,483,222,261,0.5111111111111111,1.1106925879172682,0.12085236825064721,random,1,morgan,1.0,8.0
ABCB1_IC50,measurement,random_fold2,weighted_tobit_anchor,0,2.0,0.85,gaussian,1943,486,5.681936665037238,0.49325319823564384,0.6946056900313303,0.8187834492431499,445,0.7804878048780488,1.0,0.7692307692307693,41,5.681936665037238,0.12946428571428573,0.18604651162790697,0.8422446013289037,0.1839139156283172,482,224,258,0.5528089887640449,1.1292944095323982,0.10245150519839158,random,2,morgan,1.0,2.0
ABCB1_IC50,measurement,random_fold2,weighted_tobit_anchor,0,4.0,0.85,gaussian,1943,486,5.681936665037238,0.48740300236353074,0.6946868738524189,0.8219335754009806,445,0.7560975609756098,1.0,0.7435897435897436,41,5.681936665037238,0.13839285714285715,0.1434108527131783,0.8590981450719823,0.18074314401025804,482,224,258,0.6,1.2965855776267907,0.08420031286089194,random,2,morgan,1.0,4.0
ABCB1_IC50,measurement,random_fold2,weighted_tobit_anchor,0,8.0,0.85,gaussian,1943,486,5.681936665037238,0.4977918951138163,0.7003953463704701,0.8185658281809527,445,0.7560975609756098,1.0,0.7435897435897436,41,5.681936665037238,0.13392857142857142,0.16666666666666666,0.8497023809523809,0.18295898315212672,482,224,258,0.5483146067415731,1.1499242073794582,0.09630053239361717,random,2,morgan,1.0,8.0
ABCB1_IC50,measurement,random_fold2,weighted_tobit_anchor,1,2.0,0.85,gaussian,1943,486,5.681936665037238,0.4915624935859565,0.6956645099036588,0.8224274444761105,445,0.7560975609756098,1.0,0.7435897435897436,41,5.681936665037238,0.13839285714285715,0.17054263565891473,0.8455322535991141,0.18018998091472246,482,224,258,0.5595505617977528,1.2056477336130322,0.0949931835478497,random,2,morgan,1.0,2.0
ABCB1_IC50,measurement,random_fold2,weighted_tobit_anchor,1,4.0,0.85,gaussian,1943,486,5.681936665037238,0.48977739626816963,0.6877127423736218,0.8258474861190941,445,0.8048780487804879,1.0,0.7948717948717948,41,5.681936665037238,0.125,0.20930232558139536,0.8328488372093024,0.1885719348797489,482,224,258,0.5955056179775281,1.2441233392091569,0.09968637603875652,random,2,morgan,1.0,4.0
ABCB1_IC50,measurement,random_fold2,weighted_tobit_anchor,1,8.0,0.85,gaussian,1943,486,5.681936665037238,0.49762636507123953,0.6945290733472487,0.8245581698447817,445,0.7317073170731707,1.0,0.717948717948718,41,5.681936665037238,0.12053571428571429,0.21705426356589147,0.8312050110741971,0.18772858469069442,482,224,258,0.5932584269662922,1.2805057123130092,0.09654617822144786,random,2,morgan,1.0,8.0
ABCB1_IC50,measurement,random_fold3,weighted_tobit_anchor,0,2.0,0.85,gaussian,1943,486,5.6777807052660805,0.5230731317762322,0.7592618915469304,0.8146413224632338,451,0.5428571428571428,1.0,0.5294117647058824,35,5.6777807052660805,0.13135593220338984,0.15725806451612903,0.8556930016402406,0.16886097602211533,484,236,248,0.5764966740576497,1.2638502164735985,0.08300496371067753,random,3,morgan,1.0,2.0
ABCB1_IC50,measurement,random_fold3,weighted_tobit_anchor,0,4.0,0.85,gaussian,1943,486,5.6777807052660805,0.559083330362737,0.7902396592333855,0.8074367547500383,451,0.45714285714285713,1.0,0.4411764705882353,35,5.6777807052660805,0.1652542372881356,0.14112903225806453,0.8468083652269,0.18245834404569072,484,236,248,0.6274944567627494,1.41273483150987,0.08885295324281432,random,3,morgan,1.0,4.0
ABCB1_IC50,measurement,random_fold3,weighted_tobit_anchor,0,8.0,0.85,gaussian,1943,486,5.6777807052660805,0.542099871874828,0.7889848761734299,0.7981383321819159,451,0.45714285714285713,1.0,0.4411764705882353,35,5.6777807052660805,0.1271186440677966,0.14516129032258066,0.8638600328048114,0.1701336837991293,484,236,248,0.5476718403547672,1.211191165345382,0.09122309632746185,random,3,morgan,1.0,8.0
ABCB1_IC50,measurement,random_fold3,weighted_tobit_anchor,1,2.0,0.85,gaussian,1943,486,5.6777807052660805,0.5305876627687318,0.768767881948803,0.8039079420097391,451,0.5714285714285714,1.0,0.5588235294117647,35,5.6777807052660805,0.1271186440677966,0.1774193548387097,0.8477310005467469,0.17462606502325745,484,236,248,0.5476718403547672,1.2052291722254138,0.07748259679679266,random,3,morgan,1.0,2.0
ABCB1_IC50,measurement,random_fold3,weighted_tobit_anchor,1,4.0,0.85,gaussian,1943,486,5.6777807052660805,0.5484127885687288,0.7930013664657143,0.7985596659185064,451,0.45714285714285713,1.0,0.4411764705882353,35,5.6777807052660805,0.19915254237288135,0.09274193548387097,0.8540527610716238,0.17758518983460028,484,236,248,0.5920177383592018,1.272334357768685,0.07900864022178156,random,3,morgan,1.0,4.0
ABCB1_IC50,measurement,random_fold3,weighted_tobit_anchor,1,8.0,0.85,gaussian,1943,486,5.6777807052660805,0.5500406253147839,0.7996823445637001,0.7948706898680051,451,0.42857142857142855,1.0,0.4117647058823529,35,5.6777807052660805,0.18220338983050846,0.09274193548387097,0.8625273373428103,0.1724054576530768,484,236,248,0.5875831485587583,1.2580245107802042,0.08796612711188649,random,3,morgan,1.0,8.0
ABCB1_IC50,measurement,random_fold4,weighted_tobit_anchor,0,2.0,0.85,gaussian,1944,485,5.698970004336019,0.5115135342000489,0.7114971386083607,0.8112362796175905,448,0.6486486486486487,1.0,0.6388888888888888,37,5.698970004336019,0.12962962962962962,0.17228464419475656,0.8490428630878069,0.1859604942955768,483,216,267,0.609375,1.3281856520685893,0.08902247055427748,random,4,morgan,1.0,2.0
ABCB1_IC50,measurement,random_fold4,weighted_tobit_anchor,0,4.0,0.85,gaussian,1944,485,5.698970004336019,0.5158680208800206,0.7194584169347282,0.8086418202036324,448,0.6486486486486487,1.0,0.6388888888888888,37,5.698970004336019,0.1574074074074074,0.13857677902621723,0.8520079067831876,0.19040974697840227,483,216,267,0.6205357142857143,1.4156715263533362,0.08893230160769318,random,4,morgan,1.0,4.0
ABCB1_IC50,measurement,random_fold4,weighted_tobit_anchor,0,8.0,0.85,gaussian,1944,485,5.698970004336019,0.5322627965003709,0.7303741690604161,0.8025079327489795,448,0.6486486486486487,1.0,0.6388888888888888,37,5.698970004336019,0.14351851851851852,0.15730337078651685,0.8495890553474823,0.20871383082509554,483,216,267,0.7276785714285714,2.021812321864003,0.06972622755403689,random,4,morgan,1.0,8.0
ABCB1_IC50,measurement,random_fold4,weighted_tobit_anchor,1,2.0,0.85,gaussian,1944,485,5.698970004336019,0.51161165171443,0.7141906574480437,0.804163496427799,448,0.6756756756756757,1.0,0.6666666666666666,37,5.698970004336019,0.125,0.1797752808988764,0.8476123595505618,0.18964818901607217,483,216,267,0.6138392857142857,1.3563360808870573,0.08483842743530157,random,4,morgan,1.0,2.0
ABCB1_IC50,measurement,random_fold4,weighted_tobit_anchor,1,4.0,0.85,gaussian,1944,485,5.698970004336019,0.5141303408157364,0.7161042170017258,0.8081166819180539,448,0.6486486486486487,1.0,0.6388888888888888,37,5.698970004336019,0.12037037037037036,0.18352059925093633,0.8480545151893466,0.1897596204655456,483,216,267,0.6138392857142857,1.403640722555499,0.08202652504520277,random,4,morgan,1.0,4.0
ABCB1_IC50,measurement,random_fold4,weighted_tobit_anchor,1,8.0,0.85,gaussian,1944,485,5.698970004336019,0.5218536438724807,0.7291620928641692,0.804059790125119,448,0.5405405405405406,1.0,0.5277777777777778,37,5.698970004336019,0.1712962962962963,0.1198501872659176,0.8544267582188931,0.18346235084602439,483,216,267,0.6160714285714286,1.3345231527129402,0.07900990694779701,random,4,morgan,1.0,8.0
CYP1A2_IC50,measurement,random_fold0,weighted_tobit_anchor,0,2.0,0.85,gaussian,3712,928,5.401160037315902,0.70413338711553,0.9643486958042738,0.6247938593580292,379,0.4972677595628415,0.6875,0.4915572232645403,549,5.401160037315902,0.2613065326633166,0.24892703862660945,0.744883214355037,0.25812551131028727,898,199,699,0.43007915567282323,4.0103570504350845,0.20317556139309642,random,0,morgan,1.0,2.0
CYP1A2_IC50,measurement,random_fold0,weighted_tobit_anchor,0,4.0,0.85,gaussian,3712,928,5.401160037315902,0.708638133816758,0.9776133935373681,0.6194600072689845,379,0.5391621129326047,0.75,0.5328330206378987,549,5.401160037315902,0.21105527638190955,0.2718168812589413,0.7585639211795745,0.2701351078248624,898,199,699,0.5065963060686016,6.112714066674526,0.20174369465931122,random,0,morgan,1.0,4.0
CYP1A2_IC50,measurement,random_fold0,weighted_tobit_anchor,0,8.0,0.85,gaussian,3712,928,5.401160037315902,0.6848081619030332,0.9492290012359805,0.6393535539681631,379,0.5063752276867031,0.8125,0.4971857410881801,549,5.401160037315902,0.25125628140703515,0.2474964234620887,0.7506236475654381,0.2580563231594144,898,199,699,0.48548812664907653,5.33325347968491,0.1945482471448611,random,0,morgan,1.0,8.0
CYP1A2_IC50,measurement,random_fold0,weighted_tobit_anchor,1,2.0,0.85,gaussian,3712,928,5.401160037315902,0.7169367945164935,0.9676395693531639,0.63209442750024,379,0.424408014571949,0.75,0.4146341463414634,549,5.401160037315902,0.34673366834170855,0.18311874105865522,0.7350737952998181,0.23299171385274592,898,199,699,0.44063324538258575,2.99123930663966,0.15989916672154847,random,0,morgan,1.0,2.0
CYP1A2_IC50,measurement,random_fold0,weighted_tobit_anchor,1,4.0,0.85,gaussian,3712,928,5.401160037315902,0.6990206911980261,0.9584789546147858,0.63225358116426,379,0.5391621129326047,0.6875,0.5347091932457786,549,5.401160037315902,0.20100502512562815,0.2732474964234621,0.7628737392254549,0.24724912364157248,898,199,699,0.42480211081794195,2.802114888267826,0.20630579115216477,random,0,morgan,1.0,4.0
CYP1A2_IC50,measurement,random_fold0,weighted_tobit_anchor,1,8.0,0.85,gaussian,3712,928,5.401160037315902,0.6948654920029171,0.9523953431426052,0.6307583743733358,379,0.5664845173041895,0.75,0.5609756097560976,549,5.401160037315902,0.19597989949748743,0.27753934191702434,0.7632403792927441,0.2576201508144216,898,199,699,0.38786279683377306,4.353509255694489,0.21258779203557632,random,0,morgan,1.0,8.0
CYP1A2_IC50,measurement,random_fold1,weighted_tobit_anchor,0,2.0,0.85,gaussian,3712,928,5.429810095090708,0.7058674953670343,0.9919836104348956,0.59501855810246,327,0.5557404326123128,0.9047619047619048,0.5431034482758621,601,5.429810095090708,0.23699421965317918,0.26229508196721313,0.7503553491898038,0.2530968208239627,905,173,732,0.39755351681957185,4.352853641643472,0.21213479453464373,random,1,morgan,1.0,2.0
CYP1A2_IC50,measurement,random_fold1,weighted_tobit_anchor,0,4.0,0.85,gaussian,3712,928,5.429810095090708,0.7052725643729919,1.0012874073237177,0.6014430309908028,327,0.5241264559068219,0.8095238095238095,0.5137931034482759,601,5.429810095090708,0.27167630057803466,0.24863387978142076,0.7398449098202722,0.23824618049676405,905,173,732,0.363914373088685,3.7668433809412534,0.20163449798588015,random,1,morgan,1.0,4.0
CYP1A2_IC50,measurement,random_fold1,weighted_tobit_anchor,0,8.0,0.85,gaussian,3712,928,5.429810095090708,0.6929096128336473,0.9909271030134585,0.5952189957532755,327,0.5507487520798668,0.7619047619047619,0.5431034482758621,601,5.429810095090708,0.24277456647398843,0.27595628415300544,0.7406345746865031,0.2501599625293695,905,173,732,0.44036697247706424,4.248088786338964,0.21167391321626333,random,1,morgan,1.0,8.0
CYP1A2_IC50,measurement,random_fold1,weighted_tobit_anchor,1,2.0,0.85,gaussian,3712,928,5.429810095090708,0.7135399402915443,1.003629119641748,0.5948848757993903,327,0.4875207986688852,0.8095238095238095,0.47586206896551725,601,5.429810095090708,0.26011560693641617,0.21174863387978143,0.7640678795919011,0.22723044166818857,905,173,732,0.3853211009174312,2.7512019205509466,0.18882858326985766,random,1,morgan,1.0,2.0
CYP1A2_IC50,measurement,random_fold1,weighted_tobit_anchor,1,4.0,0.85,gaussian,3712,928,5.429810095090708,0.716292778957524,1.0002170929540146,0.5978672438931614,327,0.47753743760399336,0.8571428571428571,0.46379310344827585,601,5.429810095090708,0.26011560693641617,0.2103825136612022,0.7647509397011908,0.22520949706005006,905,173,732,0.4434250764525994,3.5876077902393275,0.18545471458552082,random,1,morgan,1.0,4.0
CYP1A2_IC50,measurement,random_fold1,weighted_tobit_anchor,1,8.0,0.85,gaussian,3712,928,5.429810095090708,0.6929030424240675,0.9857415620652269,0.6010097218569762,327,0.5707154742096506,0.7619047619047619,0.5637931034482758,601,5.429810095090708,0.2254335260115607,0.2773224043715847,0.7486220348084273,0.2488747991950906,905,173,732,0.41590214067278286,3.8843620190228547,0.22031264245908672,random,1,morgan,1.0,8.0
CYP1A2_IC50,measurement,random_fold2,weighted_tobit_anchor,0,2.0,0.85,gaussian,3712,928,5.431798275933005,0.663029623130503,0.9044197984029898,0.6830770258718428,326,0.5813953488372093,0.631578947368421,0.5797598627787307,602,5.431798275933005,0.19883040935672514,0.2630853994490358,0.7690420955971196,0.2524954461310842,897,171,726,0.450920245398773,4.553653394095216,0.21569901092088745,random,2,morgan,1.0,2.0
CYP1A2_IC50,measurement,random_fold2,weighted_tobit_anchor,0,4.0,0.85,gaussian,3712,928,5.431798275933005,0.664444748755703,0.9198925976073756,0.6924516026386384,326,0.5232558139534884,0.7368421052631579,0.516295025728988,602,5.431798275933005,0.23976608187134502,0.2327823691460055,0.7637257744913247,0.2399426457934635,897,171,726,0.44785276073619634,5.4382064595499235,0.1975593140162727,random,2,morgan,1.0,4.0
CYP1A2_IC50,measurement,random_fold2,weighted_tobit_anchor,0,8.0,0.85,gaussian,3712,928,5.431798275933005,0.6993593241172235,0.9424098114744595,0.6796659948080305,326,0.4850498338870432,0.7368421052631579,0.47684391080617494,602,5.431798275933005,0.2573099415204678,0.2162534435261708,0.7632183074766807,0.23692454969492371,897,171,726,0.4233128834355828,5.741898899209047,0.18486147717747684,random,2,morgan,1.0,8.0
CYP1A2_IC50,measurement,random_fold2,weighted_tobit_anchor,1,2.0,0.85,gaussian,3712,928,5.431798275933005,0.6547935169259143,0.9067238275502517,0.6861274696457412,326,0.5083056478405316,0.631578947368421,0.5042881646655232,602,5.431798275933005,0.21052631578947367,0.25206611570247933,0.7687037842540234,0.23388204523325548,897,171,726,0.5030674846625767,4.481301847908652,0.19203747856514236,random,2,morgan,1.0,2.0
CYP1A2_IC50,measurement,random_fold2,weighted_tobit_anchor,1,4.0,0.85,gaussian,3712,928,5.431798275933005,0.6763972688650234,0.9346322566869993,0.6841412952745911,326,0.6029900332225914,0.5263157894736842,0.6054888507718696,602,5.431798275933005,0.14619883040935672,0.32644628099173556,0.7636774442994538,0.26452696906176093,897,171,726,0.4662576687116564,5.974470136377752,0.22450789044368707,random,2,morgan,1.0,4.0
CYP1A2_IC50,measurement,random_fold2,weighted_tobit_anchor,1,8.0,0.85,gaussian,3712,928,5.431798275933005,0.6522624629622756,0.9102708712645866,0.6847845331202879,326,0.5647840531561462,0.631578947368421,0.5626072041166381,602,5.431798275933005,0.1695906432748538,0.28236914600550966,0.7740201053598182,0.25597740726676244,897,171,726,0.4723926380368098,6.369601076388499,0.21655643922524803,random,2,morgan,1.0,8.0
CYP1A2_IC50,measurement,random_fold3,weighted_tobit_anchor,0,2.0,0.85,gaussian,3712,928,5.387375089663561,0.7932101590328828,1.0702832901062536,0.6064365287357493,367,0.45811051693404636,0.7931034482758621,0.4398496240601504,561,5.387375089663561,0.3811659192825112,0.19230769230769232,0.7132631942048983,0.25251495518209904,899,223,676,0.3787465940054496,3.9861254653375364,0.19029113066641412,random,3,morgan,1.0,2.0
CYP1A2_IC50,measurement,random_fold3,weighted_tobit_anchor,0,4.0,0.85,gaussian,3712,928,5.387375089663561,0.7510876156582502,1.0523650942099099,0.5802198785520276,367,0.5793226381461676,0.7241379310344828,0.5714285714285714,561,5.387375089663561,0.2914798206278027,0.28402366863905326,0.7122482553665721,0.26366456209485084,899,223,676,0.37057220708446864,4.730257580359118,0.20462568995539898,random,3,morgan,1.0,4.0
CYP1A2_IC50,measurement,random_fold3,weighted_tobit_anchor,0,8.0,0.85,gaussian,3712,928,5.387375089663561,0.7440243943390112,1.032413140302688,0.5955622875712493,367,0.5525846702317291,0.7931034482758621,0.5394736842105263,561,5.387375089663561,0.3094170403587444,0.2485207100591716,0.7210311247910419,0.2630724526244366,899,223,676,0.3814713896457766,5.254375820013333,0.20117215937349114,random,3,morgan,1.0,8.0
CYP1A2_IC50,measurement,random_fold3,weighted_tobit_anchor,1,2.0,0.85,gaussian,3712,928,5.387375089663561,0.741248573690848,1.0275333299916671,0.5932005070238622,367,0.5811051693404634,0.6896551724137931,0.575187969924812,561,5.387375089663561,0.2825112107623318,0.2973372781065089,0.7100757555655797,0.2757741711670155,899,223,676,0.45776566757493187,3.7005924953915574,0.2147348090189083,random,3,morgan,1.0,2.0
CYP1A2_IC50,measurement,random_fold3,weighted_tobit_anchor,1,4.0,0.85,gaussian,3712,928,5.387375089663561,0.7703845181501984,1.0473089283276105,0.6010464446936705,367,0.5276292335115864,0.7586206896551724,0.5150375939849624,561,5.387375089663561,0.3811659192825112,0.22928994082840237,0.6947720699445432,0.2601586450668036,899,223,676,0.31607629427792916,3.6621316809620406,0.20700945792638303,random,3,morgan,1.0,4.0
CYP1A2_IC50,measurement,random_fold3,weighted_tobit_anchor,1,8.0,0.85,gaussian,3712,928,5.387375089663561,0.7570264986444817,1.043860949093734,0.6007817048378937,367,0.5436720142602496,0.7931034482758621,0.5300751879699248,561,5.387375089663561,0.33183856502242154,0.2470414201183432,0.7105600074296177,0.2744518766188128,899,223,676,0.4659400544959128,7.181246637861289,0.18317123021813908,random,3,morgan,1.0,8.0
CYP1A2_IC50,measurement,random_fold4,weighted_tobit_anchor,0,2.0,0.85,gaussian,3712,928,5.431798275933005,0.7247417436240516,1.025232323693763,0.6576354176137356,330,0.5250836120401338,0.8421052631578947,0.5146804835924007,598,5.431798275933005,0.2774566473988439,0.22268326417704012,0.749930044212058,0.22701025483244525,896,173,723,0.3878787878787879,2.824928647084818,0.1889092810223313,random,4,morgan,1.0,2.0
CYP1A2_IC50,measurement,random_fold4,weighted_tobit_anchor,0,4.0,0.85,gaussian,3712,928,5.431798275933005,0.7353515633669664,1.0289047360397576,0.663846855452095,330,0.5468227424749164,0.8947368421052632,0.5354058721934369,598,5.431798275933005,0.24277456647398843,0.24204702627939143,0.7575892036233101,0.23734091674080698,896,173,723,0.3939393939393939,4.327497111755743,0.1857115930878911,random,4,morgan,1.0,4.0
CYP1A2_IC50,measurement,random_fold4,weighted_tobit_anchor,0,8.0,0.85,gaussian,3712,928,5.431798275933005,0.7249012381754764,1.027429963272953,0.6594961273599972,330,0.5468227424749164,0.8947368421052632,0.5354058721934369,598,5.431798275933005,0.26011560693641617,0.22406639004149378,0.757909001511045,0.23142339527893047,896,173,723,0.42727272727272725,3.622795025383135,0.18248779069159438,random,4,morgan,1.0,8.0
CYP1A2_IC50,measurement,random_fold4,weighted_tobit_anchor,1,2.0,0.85,gaussian,3712,928,5.431798275933005,0.7192914534734247,1.009013974116158,0.6680159205682475,330,0.47324414715719065,0.8421052631578947,0.46113989637305697,598,5.431798275933005,0.2832369942196532,0.1991701244813278,0.7587964406495096,0.21919030982119095,896,173,723,0.4303030303030303,2.844582008683055,0.17837307583307385,random,4,morgan,1.0,2.0
CYP1A2_IC50,measurement,random_fold4,weighted_tobit_anchor,1,4.0,0.85,gaussian,3712,928,5.431798275933005,0.7229503956746217,1.018360407096171,0.6729139751632388,330,0.4866220735785953,0.8947368421052632,0.47322970639032813,598,5.431798275933005,0.2774566473988439,0.2074688796680498,0.7575372364665531,0.23077765300366668,896,173,723,0.5242424242424243,4.009636647887393,0.16942336719240655,random,4,morgan,1.0,4.0
CYP1A2_IC50,measurement,random_fold4,weighted_tobit_anchor,1,8.0,0.85,gaussian,3712,928,5.431798275933005,0.7110693374784519,1.009756371001322,0.6714411359069777,330,0.520066889632107,0.8947368421052632,0.5077720207253886,598,5.431798275933005,0.24277456647398843,0.24204702627939143,0.7575892036233101,0.22749623876279929,896,173,723,0.4727272727272727,3.1639426289018515,0.17744794673513398,random,4,morgan,1.0,8.0
CYP2C19_IC50,measurement,random_fold0,weighted_tobit_anchor,0,2.0,0.85,gaussian,3134,784,5.0915149811213505,0.6379459392627163,0.895701224727513,0.40791415296899314,343,0.46485260770975056,0.55,0.46080760095011875,441,5.0915149811213505,0.31351351351351353,0.26148409893992935,0.7125011937732786,0.28286234475948685,751,185,566,0.40524781341107874,1.1318723867480192,0.2231423157792331,random,0,morgan,1.0,2.0
CYP2C19_IC50,measurement,random_fold0,weighted_tobit_anchor,0,4.0,0.85,gaussian,3134,784,5.0915149811213505,0.6673769893460065,0.9289441521375931,0.4070082968054809,343,0.30839002267573695,0.7,0.28978622327790976,441,5.0915149811213505,0.4864864864864865,0.15371024734982333,0.679901633081845,0.24594937458799973,751,185,566,0.42565597667638483,1.795689027951089,0.1696800395493291,random,0,morgan,1.0,4.0
CYP2C19_IC50,measurement,random_fold0,weighted_tobit_anchor,0,8.0,0.85,gaussian,3134,784,5.0915149811213505,0.6331002056490571,0.8996929583553707,0.41636335830764903,343,0.38095238095238093,0.75,0.36342042755344417,441,5.0915149811213505,0.41621621621621624,0.20318021201413428,0.6903017858848248,0.2576597028606903,751,185,566,0.4139941690962099,2.534501901794589,0.1914553083871768,random,0,morgan,1.0,8.0
CYP2C19_IC50,measurement,random_fold0,weighted_tobit_anchor,1,2.0,0.85,gaussian,3134,784,5.0915149811213505,0.6315325486924211,0.8901489743750167,0.4221909040896924,343,0.3741496598639456,0.65,0.36104513064133015,441,5.0915149811213505,0.4,0.20318021201413428,0.6984098939929329,0.2546004838107512,751,185,566,0.35276967930029157,0.8769131933910085,0.19270468585210535,random,0,morgan,1.0,2.0
CYP2C19_IC50,measurement,random_fold0,weighted_tobit_anchor,1,4.0,0.85,gaussian,3134,784,5.0915149811213505,0.629305791407579,0.8850106912980145,0.41132940319281924,343,0.4126984126984127,0.65,0.4014251781472684,441,5.0915149811213505,0.3783783783783784,0.20141342756183744,0.7101040970298921,0.2692060213392667,751,185,566,0.4198250728862974,1.9557365113567768,0.20328578578176848,random,0,morgan,1.0,4.0
CYP2C19_IC50,measurement,random_fold0,weighted_tobit_anchor,1,8.0,0.85,gaussian,3134,784,5.0915149811213505,0.6339762844592495,0.8879976372081628,0.40516327656962076,343,0.4875283446712018,0.6,0.4821852731591449,441,5.0915149811213505,0.3567567567567568,0.29328621908127206,0.6749785120809856,0.29422406732381035,751,185,566,0.4198250728862974,3.389732734620076,0.23762449928894946,random,0,morgan,1.0,8.0
CYP2C19_IC50,measurement,random_fold1,weighted_tobit_anchor,0,2.0,0.85,gaussian,3134,784,5.086186147616283,0.582299077129827,0.8525664024750723,0.47913427904471034,349,0.4367816091954023,0.6666666666666666,0.4233576642335766,435,5.086186147616283,0.3333333333333333,0.23593466424682397,0.7153660012099213,0.2671893790138619,746,195,551,0.35816618911174786,0.8925841556904679,0.21096078591286455,random,1,morgan,1.0,2.0
CYP2C19_IC50,measurement,random_fold1,weighted_tobit_anchor,0,4.0,0.85,gaussian,3134,784,5.086186147616283,0.6509384410565451,0.9291818156796599,0.47058448659225466,349,0.35402298850574715,0.7916666666666666,0.3284671532846715,435,5.086186147616283,0.4666666666666667,0.18330308529945555,0.6750151240169389,0.25371875168262276,746,195,551,0.3667621776504298,1.4506383415054172,0.20089605565705965,random,1,morgan,1.0,4.0
CYP2C19_IC50,measurement,random_fold1,weighted_tobit_anchor,0,8.0,0.85,gaussian,3134,784,5.086186147616283,0.6007484812319807,0.873663052184745,0.4647513741057882,349,0.4827586206896552,0.5833333333333334,0.4768856447688564,435,5.086186147616283,0.29743589743589743,0.294010889292196,0.7042766066359533,0.2865873499058933,746,195,551,0.38968481375358166,2.2308723731857087,0.23497536106014716,random,1,morgan,1.0,8.0
CYP2C19_IC50,measurement,random_fold1,weighted_tobit_anchor,1,2.0,0.85,gaussian,3134,784,5.086186147616283,0.6251803243254979,0.9135064237949153,0.4351352431162782,349,0.5057471264367817,0.5833333333333334,0.5012165450121655,435,5.086186147616283,0.3487179487179487,0.3139745916515426,0.6686537298152544,0.30117053477985456,746,195,551,0.40974212034383956,1.9739266158333255,0.2509835964407126,random,1,morgan,1.0,2.0
CYP2C19_IC50,measurement,random_fold1,weighted_tobit_anchor,1,4.0,0.85,gaussian,3134,784,5.086186147616283,0.6115054699682583,0.893107376774806,0.44935779533560327,349,0.5218390804597701,0.5416666666666666,0.5206812652068127,435,5.086186147616283,0.30256410256410254,0.32849364791288566,0.6844711247615058,0.31172275964666574,746,195,551,0.36103151862464183,1.7050569175202415,0.263709339750741,random,1,morgan,1.0,4.0
CYP2C19_IC50,measurement,random_fold1,weighted_tobit_anchor,1,8.0,0.85,gaussian,3134,784,5.086186147616283,0.6274459385534532,0.9102475997499004,0.4481150617587267,349,0.5218390804597701,0.5416666666666666,0.5206812652068127,435,5.086186147616283,0.3076923076923077,0.3393829401088929,0.6764623760993997,0.32155664743092993,746,195,551,0.501432664756447,4.2723156011280174,0.2539586429483123,random,1,morgan,1.0,8.0
CYP2C19_IC50,measurement,random_fold2,weighted_tobit_anchor,0,2.0,0.85,gaussian,3134,784,5.0915149811213505,0.6214960988006955,0.8550798380285098,0.48601447604854403,344,0.30227272727272725,0.6190476190476191,0.2863961813842482,440,5.0915149811213505,0.5157894736842106,0.13676731793960922,0.6737216041880901,0.23092649504402044,753,190,563,0.37790697674418605,1.353020115834194,0.15877737243212312,random,2,morgan,1.0,2.0
CYP2C19_IC50,measurement,random_fold2,weighted_tobit_anchor,0,4.0,0.85,gaussian,3134,784,5.0915149811213505,0.6297160249421014,0.8526668514147421,0.49831299959065484,344,0.3181818181818182,0.6666666666666666,0.30071599045346065,440,5.0915149811213505,0.49473684210526314,0.14742451154529307,0.6789193231747219,0.23509793685131603,753,190,563,0.3633720930232558,1.782386523442095,0.17021039285568393,random,2,morgan,1.0,4.0
CYP2C19_IC50,measurement,random_fold2,weighted_tobit_anchor,0,8.0,0.85,gaussian,3134,784,5.0915149811213505,0.5810495937350151,0.8248960229323944,0.4819059767593972,344,0.3522727272727273,0.5238095238095238,0.3436754176610978,440,5.0915149811213505,0.4263157894736842,0.18294849023090587,0.6953678601477049,0.24401049644521153,753,190,563,0.40406976744186046,2.132415555954622,0.15990055325021119,random,2,morgan,1.0,8.0
CYP2C19_IC50,measurement,random_fold2,weighted_tobit_anchor,1,2.0,0.85,gaussian,3134,784,5.0915149811213505,0.5779916969301319,0.8206041913860355,0.49168689660407217,344,0.3477272727272727,0.6190476190476191,0.3341288782816229,440,5.0915149811213505,0.4421052631578947,0.18650088809946713,0.685696924371319,0.24851129783509654,753,190,563,0.37790697674418605,1.1424652158335986,0.19719820975305374,random,2,morgan,1.0,2.0
CYP2C19_IC50,measurement,random_fold2,weighted_tobit_anchor,1,4.0,0.85,gaussian,3134,784,5.0915149811213505,0.5462458776632175,0.7911767330581443,0.5026964011570685,344,0.4090909090909091,0.5238095238095238,0.4033412887828162,440,5.0915149811213505,0.3526315789473684,0.23623445825932504,0.7055669813966532,0.26023450656569136,753,190,563,0.44476744186046513,1.9511300639387148,0.18794274467539873,random,2,morgan,1.0,4.0
CYP2C19_IC50,measurement,random_fold2,weighted_tobit_anchor,1,8.0,0.85,gaussian,3134,784,5.0915149811213505,0.5547609751575446,0.8037988441178325,0.5019061860855256,344,0.39545454545454545,0.5714285714285714,0.38663484486873506,440,5.0915149811213505,0.3473684210526316,0.23268206039076378,0.7099747592783023,0.2554849847972196,753,190,563,0.43023255813953487,3.109347754101742,0.18317896464861777,random,2,morgan,1.0,8.0
CYP2C19_IC50,measurement,random_fold3,weighted_tobit_anchor,0,2.0,0.85,gaussian,3135,783,5.096910013008056,0.5977805689912492,0.8661406028466323,0.4812696457398707,346,0.41876430205949655,0.4827586206896552,0.41421568627450983,437,5.096910013008056,0.30434782608695654,0.26773049645390073,0.7139608387295714,0.2726744055410094,748,184,564,0.34971098265895956,1.1631551996653204,0.213967031251933,random,3,morgan,1.0,2.0
CYP2C19_IC50,measurement,random_fold3,weighted_tobit_anchor,0,4.0,0.85,gaussian,3135,783,5.096910013008056,0.6104721079071604,0.877258296044893,0.4754204252245043,346,0.3318077803203661,0.5517241379310345,0.3161764705882353,437,5.096910013008056,0.42934782608695654,0.18262411347517732,0.694014030218933,0.24503214274668542,748,184,564,0.2861271676300578,0.5981072947351858,0.21039549913613795,random,3,morgan,1.0,4.0
CYP2C19_IC50,measurement,random_fold3,weighted_tobit_anchor,0,8.0,0.85,gaussian,3135,783,5.096910013008056,0.6042445311293179,0.871377836849737,0.47558643247358445,346,0.36613272311212813,0.5862068965517241,0.35049019607843135,437,5.096910013008056,0.4076086956521739,0.2074468085106383,0.6924722479185939,0.2579899793796863,748,184,564,0.3583815028901734,1.8015230681320382,0.2074577726214016,random,3,morgan,1.0,8.0
CYP2C19_IC50,measurement,random_fold3,weighted_tobit_anchor,1,2.0,0.85,gaussian,3135,783,5.096910013008056,0.6025651023755327,0.8812941464793064,0.4688309804135009,346,0.36384439359267734,0.5517241379310345,0.35049019607843135,437,5.096910013008056,0.45652173913043476,0.18971631205673758,0.6768809744064138,0.2543061007992707,748,184,564,0.3670520231213873,1.2078649963601154,0.1968439401141412,random,3,morgan,1.0,2.0
CYP2C19_IC50,measurement,random_fold3,weighted_tobit_anchor,1,4.0,0.85,gaussian,3135,783,5.096910013008056,0.6112858948055561,0.8874547462919288,0.46454752984168424,346,0.35926773455377575,0.5862068965517241,0.3431372549019608,437,5.096910013008056,0.45652173913043476,0.18262411347517732,0.680427073697194,0.2555471157708462,748,184,564,0.407514450867052,1.8282383803709572,0.18886815825875247,random,3,morgan,1.0,4.0
CYP2C19_IC50,measurement,random_fold3,weighted_tobit_anchor,1,8.0,0.85,gaussian,3135,783,5.096910013008056,0.603100514034361,0.8810406276068015,0.47681627675341953,346,0.38672768878718533,0.6206896551724138,0.3700980392156863,437,5.096910013008056,0.41304347826086957,0.20921985815602837,0.688868331791551,0.2676836786065344,748,184,564,0.407514450867052,2.434829838650089,0.20029201368991487,random,3,morgan,1.0,8.0
CYP2C19_IC50,measurement,random_fold4,weighted_tobit_anchor,0,2.0,0.85,gaussian,3135,783,5.096910013008056,0.6000573552248225,0.8614589731947868,0.49691475176764516,324,0.3224400871459695,0.5,0.3109048723897912,459,5.096910013008056,0.4588235294117647,0.13793103448275862,0.7016227180527383,0.2146411448872512,750,170,580,0.4166666666666667,1.2603827762848039,0.15064160865797094,random,4,morgan,1.0,2.0
CYP2C19_IC50,measurement,random_fold4,weighted_tobit_anchor,0,4.0,0.85,gaussian,3135,783,5.096910013008056,0.5767776664031632,0.8435448963406801,0.4713748531023326,324,0.3769063180827887,0.39285714285714285,0.37587006960556846,459,5.096910013008056,0.38235294117647056,0.19482758620689655,0.7114097363083165,0.23032847632274653,750,170,580,0.30864197530864196,1.2547256016240544,0.2023157682739063,random,4,morgan,1.0,4.0
CYP2C19_IC50,measurement,random_fold4,weighted_tobit_anchor,0,8.0,0.85,gaussian,3135,783,5.096910013008056,0.5697227908786416,0.8334400839797693,0.4882193910578718,324,0.3747276688453159,0.39285714285714285,0.37354988399071926,459,5.096910013008056,0.38823529411764707,0.20344827586206896,0.704158215010142,0.2423961944772769,750,170,580,0.3765432098765432,1.805831504452475,0.19498004494399748,random,4,morgan,1.0,8.0
CYP2C19_IC50,measurement,random_fold4,weighted_tobit_anchor,1,2.0,0.85,gaussian,3135,783,5.096910013008056,0.5915201355135716,0.8603323873551612,0.48188482721998044,324,0.33769063180827885,0.35714285714285715,0.33642691415313225,459,5.096910013008056,0.40588235294117647,0.17586206896551723,0.7091277890466532,0.23545454289622517,750,170,580,0.5246913580246914,2.1465786366630852,0.16391807362382582,random,4,morgan,1.0,2.0
CYP2C19_IC50,measurement,random_fold4,weighted_tobit_anchor,1,4.0,0.85,gaussian,3135,783,5.096910013008056,0.5957767018830331,0.8569722083512463,0.49090461667339375,324,0.3638344226579521,0.35714285714285715,0.3642691415313225,459,5.096910013008056,0.3941176470588235,0.20172413793103447,0.702079107505071,0.23301826183578467,750,170,580,0.35802469135802467,1.5629929224171002,0.19327432449412188,random,4,morgan,1.0,4.0
CYP2C19_IC50,measurement,random_fold4,weighted_tobit_anchor,1,8.0,0.85,gaussian,3135,783,5.096910013008056,0.5922012338081556,0.8493407800130732,0.5016846834536369,324,0.3638344226579521,0.39285714285714285,0.3619489559164733,459,5.096910013008056,0.38823529411764707,0.1810344827586207,0.7153651115618662,0.23224628849664827,750,170,580,0.37037037037037035,2.06005806357919,0.17638298252781773,random,4,morgan,1.0,8.0
CYP2C9_IC50,measurement,random_fold0,weighted_tobit_anchor,0,2.0,0.85,gaussian,5028,1258,5.200659450546418,0.5337961057443918,0.765162735114443,0.6010428627851805,612,0.29876160990712075,0.6785714285714286,0.2815533980582524,646,5.200659450546418,0.4123076923076923,0.11731207289293849,0.7351901173996847,0.19857646276147073,1203,325,878,0.3937908496732026,0.7069259002464022,0.13922989365616045,random,0,morgan,1.0,2.0
CYP2C9_IC50,measurement,random_fold0,weighted_tobit_anchor,0,4.0,0.85,gaussian,5028,1258,5.200659450546418,0.5165602197174708,0.7241815052014583,0.6013907523067327,612,0.4504643962848297,0.35714285714285715,0.4546925566343042,646,5.200659450546418,0.24615384615384617,0.2255125284738041,0.7641668126861749,0.22581048457513123,1203,325,878,0.35784313725490197,0.7925949374858688,0.1803856325356637,random,0,morgan,1.0,4.0
CYP2C9_IC50,measurement,random_fold0,weighted_tobit_anchor,0,8.0,0.85,gaussian,5028,1258,5.200659450546418,0.549582849420676,0.7681463172954495,0.5802853499587406,612,0.3111455108359133,0.6071428571428571,0.2977346278317152,646,5.200659450546418,0.38769230769230767,0.1366742596810934,0.7378167163132995,0.21584766987832515,1203,325,878,0.45098039215686275,2.7234384929290925,0.13449195473863607,random,0,morgan,1.0,8.0
CYP2C9_IC50,measurement,random_fold0,weighted_tobit_anchor,1,2.0,0.85,gaussian,5028,1258,5.200659450546418,0.4999428349800741,0.7209798439175289,0.5941946483915481,612,0.3993808049535604,0.4642857142857143,0.3964401294498382,646,5.200659450546418,0.3230769230769231,0.17084282460136674,0.753040126160855,0.20874113874366299,1203,325,878,0.3088235294117647,0.7450271606024894,0.1630431456459655,random,0,morgan,1.0,2.0
CYP2C9_IC50,measurement,random_fold0,weighted_tobit_anchor,1,4.0,0.85,gaussian,5028,1258,5.200659450546418,0.5560765643679527,0.7790096429986334,0.5883668313974363,612,0.29411764705882354,0.7142857142857143,0.2750809061488673,646,5.200659450546418,0.4523076923076923,0.11958997722095673,0.7140511652356755,0.20505139495098562,1203,325,878,0.2875816993464052,0.8069029007663034,0.1609962176257258,random,0,morgan,1.0,4.0
CYP2C9_IC50,measurement,random_fold0,weighted_tobit_anchor,1,8.0,0.85,gaussian,5028,1258,5.200659450546418,0.509020705436482,0.727439360119122,0.601459361669862,612,0.3715170278637771,0.6071428571428571,0.36084142394822005,646,5.200659450546418,0.32,0.1674259681093394,0.7562870159453303,0.21196188686949438,1203,325,878,0.3284313725490196,1.4715285745949878,0.16071944547106506,random,0,morgan,1.0,8.0
CYP2C9_IC50,measurement,random_fold1,weighted_tobit_anchor,0,2.0,0.85,gaussian,5029,1257,5.1938200260161125,0.5156805172794015,0.7282765947423512,0.6015474783812251,626,0.38510301109350237,0.6363636363636364,0.3712374581939799,631,5.1938200260161125,0.34492753623188405,0.176,0.7395362318840579,0.2225639354514995,1220,345,875,0.40415335463258784,1.173510010575095,0.16222660506394587,random,1,morgan,1.0,2.0
CYP2C9_IC50,measurement,random_fold1,weighted_tobit_anchor,0,4.0,0.85,gaussian,5029,1257,5.1938200260161125,0.5083614456830564,0.7120984687208749,0.6052856827123262,626,0.43106180665610144,0.6363636363636364,0.4197324414715719,631,5.1938200260161125,0.3507246376811594,0.20342857142857143,0.7229233954451346,0.23806228126934773,1220,345,875,0.24440894568690097,1.2964324223326527,0.20141619716194986,random,1,morgan,1.0,4.0
CYP2C9_IC50,measurement,random_fold1,weighted_tobit_anchor,0,8.0,0.85,gaussian,5029,1257,5.1938200260161125,0.511049237954452,0.718566753080802,0.6044338105352205,626,0.48177496038034867,0.5454545454545454,0.4782608695652174,631,5.1938200260161125,0.26956521739130435,0.24114285714285713,0.7446459627329193,0.2520406470596027,1220,345,875,0.43929712460063897,2.5042255227725683,0.18929949374653599,random,1,morgan,1.0,8.0
CYP2C9_IC50,measurement,random_fold1,weighted_tobit_anchor,1,2.0,0.85,gaussian,5029,1257,5.1938200260161125,0.49559763000118906,0.6966047234002621,0.6094783427988719,626,0.42789223454833597,0.5757575757575758,0.4197324414715719,631,5.1938200260161125,0.2898550724637681,0.20342857142857143,0.7533581780538303,0.22806415664191146,1220,345,875,0.31150159744408945,0.8802256427967268,0.1905380031069448,random,1,morgan,1.0,2.0
CYP2C9_IC50,measurement,random_fold1,weighted_tobit_anchor,1,4.0,0.85,gaussian,5029,1257,5.1938200260161125,0.49664071842601143,0.6969280245006809,0.6068120963761731,626,0.4183835182250396,0.5757575757575758,0.4096989966555184,631,5.1938200260161125,0.3130434782608696,0.18285714285714286,0.7520496894409938,0.2198916692115276,1220,345,875,0.2715654952076677,0.8509714669747942,0.1840853404846086,random,1,morgan,1.0,4.0
CYP2C9_IC50,measurement,random_fold1,weighted_tobit_anchor,1,8.0,0.85,gaussian,5029,1257,5.1938200260161125,0.5051547988357128,0.7054406152087618,0.6089983514240149,626,0.4595879556259905,0.5757575757575758,0.4531772575250836,631,5.1938200260161125,0.2898550724637681,0.2297142857142857,0.7402153209109731,0.24078641937251155,1220,345,875,0.26677316293929715,1.112580149831117,0.19893172138535486,random,1,morgan,1.0,8.0
CYP2C9_IC50,measurement,random_fold2,weighted_tobit_anchor,0,2.0,0.85,gaussian,5029,1257,5.1938200260161125,0.5603030418856805,0.7772691127615915,0.5339179495737484,611,0.4674922600619195,0.5806451612903226,0.46178861788617886,646,5.1938200260161125,0.2844311377245509,0.2677165354330709,0.7239261634211891,0.26760138312214493,1223,334,889,0.32569558101472995,0.5966945094993963,0.21985788769734138,random,2,morgan,1.0,2.0
CYP2C9_IC50,measurement,random_fold2,weighted_tobit_anchor,0,4.0,0.85,gaussian,5029,1257,5.1938200260161125,0.5593588294630244,0.7772437816497709,0.5319101940790468,611,0.47058823529411764,0.5483870967741935,0.4666666666666667,646,5.1938200260161125,0.2904191616766467,0.2508436445444319,0.7293685968894607,0.2618137030084537,1223,334,889,0.3322422258592471,0.6828000987080322,0.21453609768621645,random,2,morgan,1.0,4.0
CYP2C9_IC50,measurement,random_fold2,weighted_tobit_anchor,0,8.0,0.85,gaussian,5029,1257,5.1938200260161125,0.5499489638208848,0.7763170544913439,0.5322642470015366,611,0.4520123839009288,0.5483870967741935,0.44715447154471544,646,5.1938200260161125,0.3473053892215569,0.22947131608548932,0.7116116473464769,0.25560289715143436,1223,334,889,0.281505728314239,0.8409817657146473,0.21148276530074106,random,2,morgan,1.0,8.0
CYP2C9_IC50,measurement,random_fold2,weighted_tobit_anchor,1,2.0,0.85,gaussian,5029,1257,5.1938200260161125,0.5751004232626858,0.7876613830752449,0.5434931884078931,611,0.5526315789473685,0.45161290322580644,0.5577235772357724,646,5.1938200260161125,0.25748502994011974,0.3025871766029246,0.7199638967284778,0.28625199736950446,1223,334,889,0.32078559738134205,0.9580081374777824,0.22781101628686973,random,2,morgan,1.0,2.0
CYP2C9_IC50,measurement,random_fold2,weighted_tobit_anchor,1,4.0,0.85,gaussian,5029,1257,5.1938200260161125,0.5558720811331497,0.790893795462251,0.5374487192597325,611,0.4241486068111455,0.6451612903225806,0.41300813008130083,646,5.1938200260161125,0.41317365269461076,0.2013498312710911,0.6927382580171491,0.2544284292510998,1223,334,889,0.3878887070376432,1.5037231020463733,0.20418643047461016,random,2,morgan,1.0,4.0
CYP2C9_IC50,measurement,random_fold2,weighted_tobit_anchor,1,8.0,0.85,gaussian,5029,1257,5.1938200260161125,0.55793048077174,0.7854586769250649,0.5409861180664881,611,0.5371517027863777,0.41935483870967744,0.5430894308943089,646,5.1938200260161125,0.27245508982035926,0.31496062992125984,0.7062921401291904,0.2848228792455808,1223,334,889,0.3436988543371522,2.0030994480975304,0.2256185137914845,random,2,morgan,1.0,8.0
CYP2C9_IC50,measurement,random_fold3,weighted_tobit_anchor,0,2.0,0.85,gaussian,5029,1257,5.221848749616356,0.49272372293616634,0.6873515640297088,0.5767807974701041,610,0.38176197836166925,0.5882352941176471,0.3703099510603589,647,5.221848749616356,0.3620689655172414,0.16052060737527116,0.7387052135537437,0.21351232082659982,1212,290,922,0.419672131147541,1.1086269389189847,0.15770337229354717,random,3,morgan,1.0,2.0
CYP2C9_IC50,measurement,random_fold3,weighted_tobit_anchor,0,4.0,0.85,gaussian,5029,1257,5.221848749616356,0.4846702435698398,0.684964868982935,0.5900377102319905,610,0.3802163833075734,0.6176470588235294,0.367047308319739,647,5.221848749616356,0.3689655172413793,0.16377440347071584,0.7336300396439525,0.21557464676487845,1212,290,922,0.4262295081967213,1.3458102056312022,0.15766168542469314,random,3,morgan,1.0,4.0
CYP2C9_IC50,measurement,random_fold3,weighted_tobit_anchor,0,8.0,0.85,gaussian,5029,1257,5.221848749616356,0.4794651376047186,0.6728461511286618,0.5941088054121264,610,0.4327666151468315,0.6764705882352942,0.4192495921696574,647,5.221848749616356,0.3448275862068966,0.1681127982646421,0.7435298077642307,0.21310232491121342,1212,290,922,0.30655737704918035,1.809045658762722,0.16710439264169472,random,3,morgan,1.0,8.0
CYP2C9_IC50,measurement,random_fold3,weighted_tobit_anchor,1,2.0,0.85,gaussian,5029,1257,5.221848749616356,0.5077341126550265,0.7036510323435076,0.6012077122058724,610,0.3384853168469861,0.8235294117647058,0.31158238172920066,647,5.221848749616356,0.42758620689655175,0.11605206073752712,0.7281808661829605,0.19783492225561256,1212,290,922,0.4,0.9777642172189018,0.13682612075492204,random,3,morgan,1.0,2.0
CYP2C9_IC50,measurement,random_fold3,weighted_tobit_anchor,1,4.0,0.85,gaussian,5029,1257,5.221848749616356,0.48763721703374463,0.6831713324818487,0.6126445754680551,610,0.3956723338485317,0.5882352941176471,0.38499184339314846,647,5.221848749616356,0.35517241379310344,0.1561822125813449,0.7443226868127758,0.21168839670563205,1212,290,922,0.5147540983606558,2.1066893953800454,0.1274820889289874,random,3,morgan,1.0,4.0
CYP2C9_IC50,measurement,random_fold3,weighted_tobit_anchor,1,8.0,0.85,gaussian,5029,1257,5.221848749616356,0.48060814314442735,0.6712218104298685,0.6006024829641046,610,0.437403400309119,0.5882352941176471,0.4290375203915171,647,5.221848749616356,0.3448275862068966,0.175704989154013,0.7397337123195452,0.21773192292843366,1212,290,922,0.3836065573770492,1.8197854885982898,0.16749070434800722,random,3,morgan,1.0,8.0
CYP2C9_IC50,measurement,random_fold4,weighted_tobit_anchor,0,2.0,0.85,gaussian,5029,1257,5.1938200260161125,0.5361677625000424,0.7559128938794293,0.5740160073506491,613,0.4114906832298137,0.5185185185185185,0.406807131280389,644,5.1938200260161125,0.3090909090909091,0.18192090395480226,0.7544940934771444,0.2207925728849385,1215,330,885,0.30179445350734097,0.7749224427100714,0.17865102004118513,random,4,morgan,1.0,2.0
CYP2C9_IC50,measurement,random_fold4,weighted_tobit_anchor,0,4.0,0.85,gaussian,5029,1257,5.1938200260161125,0.5686431616067226,0.79720660099323,0.5680036863985295,613,0.32142857142857145,0.6296296296296297,0.3079416531604538,644,5.1938200260161125,0.38181818181818183,0.15593220338983052,0.7311248073959938,0.21536128765171703,1215,330,885,0.25122349102773245,0.6430080797228438,0.18456361211116515,random,4,morgan,1.0,4.0
CYP2C9_IC50,measurement,random_fold4,weighted_tobit_anchor,0,8.0,0.85,gaussian,5029,1257,5.1938200260161125,0.5415145128479785,0.760311414912448,0.5645696336387199,613,0.39751552795031053,0.5555555555555556,0.3905996758508914,644,5.1938200260161125,0.3212121212121212,0.19322033898305085,0.742783769902414,0.22655724530946658,1215,330,885,0.27732463295269166,0.9245430653410718,0.18986078052810984,random,4,morgan,1.0,8.0
CYP2C9_IC50,measurement,random_fold4,weighted_tobit_anchor,1,2.0,0.85,gaussian,5029,1257,5.1938200260161125,0.5710777505080626,0.7971023618119694,0.5740938675178258,613,0.3105590062111801,0.7407407407407407,0.2917341977309562,644,5.1938200260161125,0.42424242424242425,0.12768361581920903,0.7240369799691834,0.21174873433838895,1215,330,885,0.32463295269168024,0.7366169070608172,0.15840356925603238,random,4,morgan,1.0,2.0
CYP2C9_IC50,measurement,random_fold4,weighted_tobit_anchor,1,4.0,0.85,gaussian,5029,1257,5.1938200260161125,0.5754336791650227,0.7990850894943173,0.5704475683069773,613,0.31832298136645965,0.6296296296296297,0.3047001620745543,644,5.1938200260161125,0.41515151515151516,0.14576271186440679,0.719542886492039,0.21956003031421492,1215,330,885,0.33442088091353994,0.9546115408138971,0.1704359934155481,random,4,morgan,1.0,4.0
CYP2C9_IC50,measurement,random_fold4,weighted_tobit_anchor,1,8.0,0.85,gaussian,5029,1257,5.1938200260161125,0.5340797928405888,0.7624476591035365,0.5704893767942032,613,0.4611801242236025,0.48148148148148145,0.46029173419773095,644,5.1938200260161125,0.2696969696969697,0.23502824858757063,0.7476373908577298,0.2413744432047043,1215,330,885,0.300163132137031,1.0371465165956242,0.20483633123704292,random,4,morgan,1.0,8.0
CYP2D6_IC50,measurement,random_fold0,weighted_tobit_anchor,0,2.0,0.85,gaussian,5912,1479,5.275724130399211,0.5535277398392809,0.7747092911009391,0.6709013439996196,675,0.44776119402985076,0.6857142857142857,0.43693107932379716,804,5.275724130399211,0.25136612021857924,0.19109461966604824,0.7787696300576863,0.20808099270636324,1444,366,1078,0.4325925925925926,1.7411039931385455,0.14240566129090895,random,0,morgan,1.0,2.0
CYP2D6_IC50,measurement,random_fold0,weighted_tobit_anchor,0,4.0,0.85,gaussian,5912,1479,5.275724130399211,0.5410397236326103,0.7577134432436161,0.673542418807971,675,0.47139303482587064,0.7142857142857143,0.46033810143042914,804,5.275724130399211,0.2814207650273224,0.21335807050092764,0.752610582235875,0.21487542190191058,1444,366,1078,0.3762962962962963,1.8869623731748537,0.15790118721821367,random,0,morgan,1.0,4.0
CYP2D6_IC50,measurement,random_fold0,weighted_tobit_anchor,0,8.0,0.85,gaussian,5912,1479,5.275724130399211,0.5835949412204282,0.7802795228807524,0.6827371721279188,675,0.5783582089552238,0.5428571428571428,0.5799739921976593,804,5.275724130399211,0.15846994535519127,0.30612244897959184,0.7677038028326084,0.2489114517796963,1444,366,1078,0.3274074074074074,3.115661698997351,0.19753145408334943,random,0,morgan,1.0,8.0
CYP2D6_IC50,measurement,random_fold0,weighted_tobit_anchor,1,2.0,0.85,gaussian,5912,1479,5.275724130399211,0.5574371618615489,0.7778199613523676,0.6718246432439628,675,0.458955223880597,0.7714285714285715,0.4447334200260078,804,5.275724130399211,0.31420765027322406,0.20222634508348794,0.7417830023216441,0.2223033690351554,1444,366,1078,0.43407407407407406,1.6305298044664198,0.159907685665308,random,0,morgan,1.0,2.0
CYP2D6_IC50,measurement,random_fold0,weighted_tobit_anchor,1,4.0,0.85,gaussian,5912,1479,5.275724130399211,0.5456501288916175,0.7628190037332999,0.6662653185112666,675,0.5373134328358209,0.7428571428571429,0.5279583875162549,804,5.275724130399211,0.23770491803278687,0.2606679035250464,0.7508135892210833,0.2301795553251009,1444,366,1078,0.37925925925925924,2.1542234017753934,0.17891374530761361,random,0,morgan,1.0,4.0
CYP2D6_IC50,measurement,random_fold0,weighted_tobit_anchor,1,8.0,0.85,gaussian,5912,1479,5.275724130399211,0.5632537871590713,0.7795492337175336,0.6657806571308551,675,0.48880597014925375,0.7428571428571429,0.47724317295188556,804,5.275724130399211,0.2677595628415301,0.22727272727272727,0.7524838549428714,0.22955704545478658,1444,366,1078,0.4474074074074074,3.02656533417464,0.16095376185249288,random,0,morgan,1.0,8.0
CYP2D6_IC50,measurement,random_fold1,weighted_tobit_anchor,0,2.0,0.85,gaussian,5913,1478,5.286516768684963,0.5545732642697871,0.7836850435156231,0.6705000176379632,669,0.5092707045735476,0.6829268292682927,0.5,809,5.286516768684963,0.17647058823529413,0.23600746268656717,0.7937609745390694,0.21233707544504127,1429,357,1072,0.4080717488789238,2.0109332480572073,0.16517478902123583,random,1,morgan,1.0,2.0
CYP2D6_IC50,measurement,random_fold1,weighted_tobit_anchor,0,4.0,0.85,gaussian,5913,1478,5.286516768684963,0.5633232931754496,0.8003427345606998,0.6683486761821229,669,0.4622991347342398,0.8048780487804879,0.4440104166666667,809,5.286516768684963,0.22969187675070027,0.19776119402985073,0.7862734646097245,0.21224412168052495,1429,357,1072,0.4469357249626308,3.058397977804432,0.14123114851827995,random,1,morgan,1.0,4.0
CYP2D6_IC50,measurement,random_fold1,weighted_tobit_anchor,0,8.0,0.85,gaussian,5913,1478,5.286516768684963,0.5642066936760751,0.7931274856691592,0.6667247345160904,669,0.5339925834363412,0.7073170731707317,0.5247395833333334,809,5.286516768684963,0.17647058823529413,0.25652985074626866,0.7834997805092185,0.226457074187443,1429,357,1072,0.336322869955157,4.182546248704472,0.16915412063021884,random,1,morgan,1.0,8.0
CYP2D6_IC50,measurement,random_fold1,weighted_tobit_anchor,1,2.0,0.85,gaussian,5913,1478,5.286516768684963,0.5469656649657182,0.7675085440914973,0.6706714756743488,669,0.515451174289246,0.6829268292682927,0.5065104166666666,809,5.286516768684963,0.19607843137254902,0.24813432835820895,0.777893620134621,0.22100124129698895,1429,357,1072,0.39162929745889385,1.9614084674106003,0.17036909592180388,random,1,morgan,1.0,2.0
CYP2D6_IC50,measurement,random_fold1,weighted_tobit_anchor,1,4.0,0.85,gaussian,5913,1478,5.286516768684963,0.5532701571394867,0.7808624682644101,0.6689289201563565,669,0.5055624227441285,0.7317073170731707,0.4934895833333333,809,5.286516768684963,0.24649859943977592,0.22294776119402984,0.7652768196830971,0.21888024113907212,1429,357,1072,0.34379671150971597,3.696609904740906,0.16151890818217224,random,1,morgan,1.0,4.0
CYP2D6_IC50,measurement,random_fold1,weighted_tobit_anchor,1,8.0,0.85,gaussian,5913,1478,5.286516768684963,0.5616831271213006,0.7864276537173002,0.6714883862462583,669,0.5055624227441285,0.8292682926829268,0.48828125,809,5.286516768684963,0.21568627450980393,0.2294776119402985,0.7774180567749488,0.2234562358244065,1429,357,1072,0.4499252615844544,4.463448024890462,0.14690754947082368,random,1,morgan,1.0,8.0
CYP2D6_IC50,measurement,random_fold2,weighted_tobit_anchor,0,2.0,0.85,gaussian,5913,1478,5.2839966563652006,0.5711783075239374,0.8215776504590301,0.628999651990103,687,0.5170670037926675,0.5641025641025641,0.5146276595744681,791,5.2839966563652006,0.26756756756756755,0.2467411545623836,0.7428456389350244,0.24652355808235366,1444,370,1074,0.4119359534206696,1.1711794511916502,0.1979045969670606,random,2,morgan,1.0,2.0
CYP2D6_IC50,measurement,random_fold2,weighted_tobit_anchor,0,4.0,0.85,gaussian,5913,1478,5.2839966563652006,0.5548084809695717,0.8112430917188724,0.6368942180249073,687,0.48672566371681414,0.5897435897435898,0.48138297872340424,791,5.2839966563652006,0.31891891891891894,0.21042830540037244,0.7353263878403544,0.23396857205517688,1444,370,1074,0.31877729257641924,1.2319512928130159,0.19752950543746126,random,2,morgan,1.0,4.0
CYP2D6_IC50,measurement,random_fold2,weighted_tobit_anchor,0,8.0,0.85,gaussian,5913,1478,5.2839966563652006,0.5490898500976725,0.8053213186341631,0.6400685992833471,687,0.5018963337547409,0.5641025641025641,0.49867021276595747,791,5.2839966563652006,0.2918918918918919,0.2383612662942272,0.7348734209069405,0.2437006512514374,1444,370,1074,0.38719068413391555,1.5897282175848066,0.1939879423814205,random,2,morgan,1.0,8.0
CYP2D6_IC50,measurement,random_fold2,weighted_tobit_anchor,1,2.0,0.85,gaussian,5913,1478,5.2839966563652006,0.5744755153168878,0.8381406852050731,0.6453446463664817,687,0.40960809102402024,0.717948717948718,0.39361702127659576,791,5.2839966563652006,0.372972972972973,0.15083798882681565,0.7380945191001057,0.21996352484459789,1444,370,1074,0.4104803493449782,2.782629282171023,0.15099590208748892,random,2,morgan,1.0,2.0
CYP2D6_IC50,measurement,random_fold2,weighted_tobit_anchor,1,4.0,0.85,gaussian,5913,1478,5.2839966563652006,0.5567505114195451,0.8130079753217959,0.6384093212443123,687,0.47029077117572693,0.6923076923076923,0.4587765957446808,791,5.2839966563652006,0.2945945945945946,0.21135940409683426,0.7470230006542855,0.22800945672502665,1444,370,1074,0.4556040756914119,1.2782456677961542,0.1756561758940604,random,2,morgan,1.0,4.0
CYP2D6_IC50,measurement,random_fold2,weighted_tobit_anchor,1,8.0,0.85,gaussian,5913,1478,5.2839966563652006,0.5626170299264249,0.8195279597650651,0.632535478836659,687,0.4993678887484197,0.6410256410256411,0.4920212765957447,791,5.2839966563652006,0.2810810810810811,0.23556797020484171,0.7416754743570386,0.23756548869617733,1444,370,1074,0.32751091703056767,2.142964319983134,0.18385926818671905,random,2,morgan,1.0,8.0
CYP2D6_IC50,measurement,random_fold3,weighted_tobit_anchor,0,2.0,0.85,gaussian,5913,1478,5.275724130399211,0.6023001182724479,0.8502654236990521,0.6084928832125988,653,0.5127272727272727,0.6170212765957447,0.506426735218509,825,5.275724130399211,0.20161290322580644,0.2997172478793591,0.7493349244474172,0.25851289580245507,1433,372,1061,0.3721286370597244,2.0106981776427095,0.2084007375701742,random,3,morgan,1.0,2.0
CYP2D6_IC50,measurement,random_fold3,weighted_tobit_anchor,0,4.0,0.85,gaussian,5913,1478,5.275724130399211,0.5638326868680527,0.822583067994202,0.6263391205722633,653,0.49454545454545457,0.7872340425531915,0.4768637532133676,825,5.275724130399211,0.24193548387096775,0.25164938737040526,0.7532075643793135,0.23489770951591932,1433,372,1061,0.3537519142419602,2.2242653239183054,0.18789750967167151,random,3,morgan,1.0,4.0
CYP2D6_IC50,measurement,random_fold3,weighted_tobit_anchor,0,8.0,0.85,gaussian,5913,1478,5.275724130399211,0.5705353968248644,0.8293551405001635,0.6192962340115804,653,0.463030303030303,0.8085106382978723,0.442159383033419,825,5.275724130399211,0.271505376344086,0.1988689915174364,0.7648128160692388,0.22614764588192152,1433,372,1061,0.3905053598774885,2.7720170158311657,0.16748677164178094,random,3,morgan,1.0,8.0
CYP2D6_IC50,measurement,random_fold3,weighted_tobit_anchor,1,2.0,0.85,gaussian,5913,1478,5.275724130399211,0.560716743893424,0.8069059529881947,0.6224663647533736,653,0.49333333333333335,0.7659574468085106,0.4768637532133676,825,5.275724130399211,0.24193548387096775,0.2535344015080113,0.7522650573105105,0.24041266935425765,1433,372,1061,0.43032159264931086,1.71305911684075,0.18593492870841682,random,3,morgan,1.0,2.0
CYP2D6_IC50,measurement,random_fold3,weighted_tobit_anchor,1,4.0,0.85,gaussian,5913,1478,5.275724130399211,0.5589690038781338,0.8116509003571624,0.6345536235667847,653,0.5006060606060606,0.7446808510638298,0.48586118251928023,825,5.275724130399211,0.21236559139784947,0.2629594721960415,0.7623374682030546,0.23978463936216984,1433,372,1061,0.34762633996937214,2.3125734234647672,0.18886350879256417,random,3,morgan,1.0,4.0
CYP2D6_IC50,measurement,random_fold3,weighted_tobit_anchor,1,8.0,0.85,gaussian,5913,1478,5.275724130399211,0.5577934556163867,0.8122202527014922,0.6269593424629887,653,0.5054545454545455,0.8085106382978723,0.487146529562982,825,5.275724130399211,0.239247311827957,0.24410933081998115,0.758321678676031,0.24320294797987643,1433,372,1061,0.39509954058192953,5.1697331870836685,0.1778871273485477,random,3,morgan,1.0,8.0
CYP2D6_IC50,measurement,random_fold4,weighted_tobit_anchor,0,2.0,0.85,gaussian,5913,1478,5.292429823902063,0.5799393414095738,0.8011868537685782,0.6526555501506627,675,0.3150684931506849,0.8,0.296248382923674,803,5.292429823902063,0.34,0.10957642725598526,0.7752117863720074,0.18161363476054118,1436,350,1086,0.4014814814814815,1.5298946036802543,0.12506460343708045,random,4,morgan,1.0,2.0
CYP2D6_IC50,measurement,random_fold4,weighted_tobit_anchor,0,4.0,0.85,gaussian,5913,1478,5.292429823902063,0.5591124913542015,0.7781052000676926,0.6575824152821087,675,0.35242839352428396,0.7666666666666667,0.33635187580853815,803,5.292429823902063,0.3142857142857143,0.13627992633517497,0.7747171796895553,0.18705402938862215,1436,350,1086,0.29777777777777775,1.4133467353502496,0.14023121999181715,random,4,morgan,1.0,4.0
CYP2D6_IC50,measurement,random_fold4,weighted_tobit_anchor,0,8.0,0.85,gaussian,5913,1478,5.292429823902063,0.5455983299220193,0.7667656780081846,0.653082447188813,675,0.39352428393524286,0.7666666666666667,0.37904269081500647,803,5.292429823902063,0.28,0.1574585635359116,0.7812707182320442,0.19431656399499678,1436,350,1086,0.3348148148148148,3.062497593021113,0.13783427468433776,random,4,morgan,1.0,8.0
CYP2D6_IC50,measurement,random_fold4,weighted_tobit_anchor,1,2.0,0.85,gaussian,5913,1478,5.292429823902063,0.5535079281665652,0.7668204831814424,0.6545588230202631,675,0.37982565379825656,0.6333333333333333,0.36998706338939197,803,5.292429823902063,0.32571428571428573,0.1427255985267035,0.7657800578795053,0.19897133530716515,1436,350,1086,0.40296296296296297,1.5264123409633672,0.1402428466324597,random,4,morgan,1.0,2.0
CYP2D6_IC50,measurement,random_fold4,weighted_tobit_anchor,1,4.0,0.85,gaussian,5913,1478,5.292429823902063,0.5443263908409384,0.7641027185715575,0.6504248385163113,675,0.42714819427148193,0.7333333333333333,0.4152652005174644,803,5.292429823902063,0.29428571428571426,0.18047882136279927,0.7626177321757432,0.21083732423860976,1436,350,1086,0.3688888888888889,3.2198263245749144,0.15401926795312626,random,4,morgan,1.0,4.0
CYP2D6_IC50,measurement,random_fold4,weighted_tobit_anchor,1,8.0,0.85,gaussian,5913,1478,5.292429823902063,0.5403840792879692,0.7622341677585326,0.6484291080127008,675,0.43462017434620176,0.7666666666666667,0.4217335058214748,803,5.292429823902063,0.2914285714285714,0.18968692449355432,0.7594422520389371,0.21848098039030703,1436,350,1086,0.43407407407407406,3.3329525276660865,0.15988372314758845,random,4,morgan,1.0,8.0
CYP3A4_IC50,measurement,random_fold0,weighted_tobit_anchor,0,2.0,0.85,gaussian,9620,2405,5.257117856945184,0.48387435360161146,0.6969589734296062,0.6760121312353226,1294,0.38973897389738976,0.6341463414634146,0.38037383177570094,1111,5.257117856945184,0.2744252873563218,0.16080097087378642,0.7823868708849459,0.20059680161383323,2344,696,1648,0.3655332302936631,0.8458330932449658,0.14866056208362244,random,0,morgan,1.0,2.0
CYP3A4_IC50,measurement,random_fold0,weighted_tobit_anchor,0,4.0,0.85,gaussian,9620,2405,5.257117856945184,0.4834865177759669,0.7030582159208421,0.670307424643766,1294,0.3546354635463546,0.5853658536585366,0.34579439252336447,1111,5.257117856945184,0.29022988505747127,0.14259708737864077,0.783586513781944,0.19572133481910947,2344,696,1648,0.4242658423493045,1.1169091270675457,0.14665572531101165,random,0,morgan,1.0,4.0
CYP3A4_IC50,measurement,random_fold0,weighted_tobit_anchor,0,8.0,0.85,gaussian,9620,2405,5.257117856945184,0.4962485835307727,0.7169019803664619,0.6731112196845191,1294,0.3069306930693069,0.6341463414634146,0.29439252336448596,1111,5.257117856945184,0.31896551724137934,0.11286407766990292,0.7840852025443589,0.18582805773407507,2344,696,1648,0.43894899536321486,1.3305814406420704,0.12854761338785256,random,0,morgan,1.0,8.0
CYP3A4_IC50,measurement,random_fold0,weighted_tobit_anchor,1,2.0,0.85,gaussian,9620,2405,5.257117856945184,0.4896037593452228,0.7097770004395633,0.6716751722909917,1294,0.3114311431143114,0.5853658536585366,0.30093457943925234,1111,5.257117856945184,0.3333333333333333,0.12075242718446602,0.7729571197411003,0.19014456759459963,2344,696,1648,0.3964451313755796,0.806588053576603,0.13630466493115198,random,0,morgan,1.0,2.0
CYP3A4_IC50,measurement,random_fold0,weighted_tobit_anchor,1,4.0,0.85,gaussian,9620,2405,5.257117856945184,0.4940430008853278,0.7119007110328704,0.6795514036112049,1294,0.29612961296129614,0.5853658536585366,0.2850467289719626,1111,5.257117856945184,0.33045977011494254,0.1049757281553398,0.7822822508648588,0.18827272986055102,2344,696,1648,0.4768160741885626,1.4691401129249761,0.1139189994783061,random,0,morgan,1.0,4.0
CYP3A4_IC50,measurement,random_fold0,weighted_tobit_anchor,1,8.0,0.85,gaussian,9620,2405,5.257117856945184,0.49569580431520666,0.7106413439987777,0.6726499834719438,1294,0.3159315931593159,0.7317073170731707,0.3,1111,5.257117856945184,0.34626436781609193,0.10740291262135922,0.7731663597812743,0.18797550063661517,2344,696,1648,0.36398763523956723,1.5065157422195332,0.13650272645922473,random,0,morgan,1.0,8.0
CYP3A4_IC50,measurement,random_fold1,weighted_tobit_anchor,0,2.0,0.85,gaussian,9620,2405,5.267606240177031,0.4936644496023207,0.693122834506057,0.6959445716607463,1327,0.36178107606679033,0.6842105263157895,0.3437806072477963,1078,5.267606240177031,0.26551226551226553,0.1395631067961165,0.797462313845809,0.18394868657475807,2341,693,1648,0.4529012810851545,1.1621743255626,0.12617837853437444,random,1,morgan,1.0,2.0
CYP3A4_IC50,measurement,random_fold1,weighted_tobit_anchor,0,4.0,0.85,gaussian,9620,2405,5.267606240177031,0.5013275698154316,0.7023165175385222,0.6878183219019315,1327,0.36363636363636365,0.6666666666666666,0.346718903036239,1078,5.267606240177031,0.2712842712842713,0.1462378640776699,0.7912389323190294,0.19311798242859426,2341,693,1648,0.43782969103240393,1.8777769068833388,0.12195172104010792,random,1,morgan,1.0,4.0
CYP3A4_IC50,measurement,random_fold1,weighted_tobit_anchor,0,8.0,0.85,gaussian,9620,2405,5.267606240177031,0.4958430223059331,0.6981974157277604,0.6942527802876006,1327,0.3803339517625232,0.7017543859649122,0.3623898139079334,1078,5.267606240177031,0.24386724386724387,0.14987864077669902,0.8031270576780285,0.18752291466947726,2341,693,1648,0.39939713639789,3.3174486806318138,0.12347234038226074,random,1,morgan,1.0,8.0
CYP3A4_IC50,measurement,random_fold1,weighted_tobit_anchor,1,2.0,0.85,gaussian,9620,2405,5.267606240177031,0.4952209858758633,0.7008511529926819,0.6938451325546525,1327,0.35064935064935066,0.7368421052631579,0.32908912830558273,1078,5.267606240177031,0.2958152958152958,0.13228155339805825,0.7859515753933229,0.1939258457599244,2341,693,1648,0.4724943481537302,2.329797361300799,0.11530216003741244,random,1,morgan,1.0,2.0
CYP3A4_IC50,measurement,random_fold1,weighted_tobit_anchor,1,4.0,0.85,gaussian,9620,2405,5.267606240177031,0.4858606221141894,0.6878365807115737,0.7036384896284302,1327,0.3738404452690167,0.6491228070175439,0.3584720861900098,1078,5.267606240177031,0.2554112554112554,0.14987864077669902,0.7973550519060228,0.18705869342937706,2341,693,1648,0.4114544084400904,1.2994641333353263,0.1331181450269147,random,1,morgan,1.0,4.0
CYP3A4_IC50,measurement,random_fold1,weighted_tobit_anchor,1,8.0,0.85,gaussian,9620,2405,5.267606240177031,0.49039264071285193,0.6929564968924146,0.6956537681370519,1327,0.38589981447124305,0.7017543859649122,0.3682664054848188,1078,5.267606240177031,0.24242424242424243,0.15594660194174756,0.800814577817005,0.19200102250207246,2341,693,1648,0.386586284853052,3.665287589957544,0.12727530355611172,random,1,morgan,1.0,8.0
CYP3A4_IC50,measurement,random_fold2,weighted_tobit_anchor,0,2.0,0.85,gaussian,9620,2405,5.269626229077901,0.4855500262304391,0.7023783697341872,0.7150825485626328,1326,0.33642261353104724,0.6346153846153846,0.3213242453748783,1079,5.269626229077901,0.29411764705882354,0.1276849642004773,0.7890986943703495,0.1782017436605011,2356,680,1676,0.3861236802413273,0.9143599498513066,0.1291581088325901,random,2,morgan,1.0,2.0
CYP3A4_IC50,measurement,random_fold2,weighted_tobit_anchor,0,4.0,0.85,gaussian,9620,2405,5.269626229077901,0.4736854299482666,0.6895561849190834,0.7159475614797907,1326,0.3809082483781279,0.5384615384615384,0.3729308666017527,1079,5.269626229077901,0.2323529411764706,0.17124105011933174,0.7982030043520989,0.19436600040119603,2356,680,1676,0.38009049773755654,2.6922007954684615,0.14287895378417695,random,2,morgan,1.0,4.0
CYP3A4_IC50,measurement,random_fold2,weighted_tobit_anchor,0,8.0,0.85,gaussian,9620,2405,5.269626229077901,0.48768034006406596,0.6956543211834957,0.713909536106884,1326,0.3809082483781279,0.5576923076923077,0.37195715676728336,1079,5.269626229077901,0.26176470588235295,0.1658711217183771,0.786182086199635,0.20076779693192992,2356,680,1676,0.40648567119155354,3.0258370496573117,0.141786028782659,random,2,morgan,1.0,8.0
CYP3A4_IC50,measurement,random_fold2,weighted_tobit_anchor,1,2.0,0.85,gaussian,9620,2405,5.269626229077901,0.47765200330894797,0.6951084703059776,0.7106860200630094,1326,0.36515291936978683,0.6153846153846154,0.3524829600778968,1079,5.269626229077901,0.2867647058823529,0.14200477326968974,0.7856152604239787,0.1900003461921128,2356,680,1676,0.42458521870286575,1.0971412235909523,0.1363391930185084,random,2,morgan,1.0,2.0
CYP3A4_IC50,measurement,random_fold2,weighted_tobit_anchor,1,4.0,0.85,gaussian,9620,2405,5.269626229077901,0.4992308764757014,0.716633174886004,0.7106666712217383,1326,0.3215940685820204,0.6346153846153846,0.305744888023369,1079,5.269626229077901,0.3397058823529412,0.12589498806682578,0.7671995647901165,0.19184535077941156,2356,680,1676,0.41025641025641024,1.3564839963698982,0.13834725694423916,random,2,morgan,1.0,4.0
CYP3A4_IC50,measurement,random_fold2,weighted_tobit_anchor,1,8.0,0.85,gaussian,9620,2405,5.269626229077901,0.49361584642763734,0.7109437825863224,0.7044124809068855,1326,0.4522706209453197,0.5,0.4498539435248296,1079,5.269626229077901,0.20441176470588235,0.21241050119331742,0.7915888670504001,0.21434198058848175,2356,680,1676,0.34087481146304677,3.735115716775112,0.15097860731698115,random,2,morgan,1.0,8.0
CYP3A4_IC50,measurement,random_fold3,weighted_tobit_anchor,0,2.0,0.85,gaussian,9620,2405,5.267606240177031,0.5148271255093403,0.735557805005866,0.6798893967775729,1318,0.297148114075437,0.6666666666666666,0.28119001919385794,1087,5.267606240177031,0.35745937961595275,0.1013189448441247,0.7706108377699612,0.17761768802704406,2345,677,1668,0.40819423368740515,0.9072512880251034,0.12527046276925827,random,3,morgan,1.0,2.0
CYP3A4_IC50,measurement,random_fold3,weighted_tobit_anchor,0,4.0,0.85,gaussian,9620,2405,5.267606240177031,0.49894162178207413,0.7183198548752455,0.6754871565257253,1318,0.3357865685372585,0.6222222222222222,0.32341650671785027,1087,5.267606240177031,0.3293943870014771,0.12350119904076738,0.7735522069788778,0.18358093418110621,2345,677,1668,0.3626707132018209,1.0093115949499019,0.13631332958847542,random,3,morgan,1.0,4.0
CYP3A4_IC50,measurement,random_fold3,weighted_tobit_anchor,0,8.0,0.85,gaussian,9620,2405,5.267606240177031,0.48795953931656405,0.7085545010115618,0.6836180736089991,1318,0.36430542778288866,0.6222222222222222,0.3531669865642994,1087,5.267606240177031,0.2998522895125554,0.1354916067146283,0.7823280518864082,0.19691824535029523,2345,677,1668,0.3588770864946889,3.431108484471882,0.13319862039143998,random,3,morgan,1.0,8.0
CYP3A4_IC50,measurement,random_fold3,weighted_tobit_anchor,1,2.0,0.85,gaussian,9620,2405,5.267606240177031,0.482232758386143,0.6960699673253666,0.6859935880427926,1318,0.36614535418583255,0.6222222222222222,0.3550863723608445,1087,5.267606240177031,0.30132939438700146,0.13189448441247004,0.7833880606002643,0.181576846440068,2345,677,1668,0.3512898330804249,0.6721845435794294,0.14252150712207098,random,3,morgan,1.0,2.0
CYP3A4_IC50,measurement,random_fold3,weighted_tobit_anchor,1,4.0,0.85,gaussian,9620,2405,5.267606240177031,0.490254524439413,0.708366816344012,0.6885608958558965,1318,0.31646734130634774,0.6,0.30422264875239924,1087,5.267606240177031,0.31610044313146235,0.11630695443645084,0.7837963012160434,0.18142881474884107,2345,677,1668,0.40591805766312594,1.13151743819677,0.12137093318428027,random,3,morgan,1.0,4.0
CYP3A4_IC50,measurement,random_fold3,weighted_tobit_anchor,1,8.0,0.85,gaussian,9620,2405,5.267606240177031,0.49536710439608983,0.7150127743115585,0.68428860745771,1318,0.35418583256669733,0.5777777777777777,0.34452975047984646,1087,5.267606240177031,0.2880354505169867,0.15047961630695444,0.7807424665880294,0.20716628472311843,2345,677,1668,0.5257966616084977,4.041072614459323,0.10915191519645939,random,3,morgan,1.0,8.0
CYP3A4_IC50,measurement,random_fold4,weighted_tobit_anchor,0,2.0,0.85,gaussian,9620,2405,5.251811972993799,0.5011366795829338,0.7026396360101022,0.6855768973002926,1333,0.43843283582089554,0.65,0.43023255813953487,1072,5.251811972993799,0.2503457814661134,0.17770897832817337,0.7859726201028566,0.20495763443452458,2338,723,1615,0.3735933983495874,0.7502360645585299,0.15199607997840378,random,4,morgan,1.0,2.0
CYP3A4_IC50,measurement,random_fold4,weighted_tobit_anchor,0,4.0,0.85,gaussian,9620,2405,5.251811972993799,0.5028592088135233,0.7073636266363558,0.6778967194267199,1333,0.3694029850746269,0.675,0.35755813953488375,1072,5.251811972993799,0.301521438450899,0.1411764705882353,0.7786510454804327,0.1958646212429747,2338,723,1615,0.3548387096774194,0.789874078275311,0.14825997837152882,random,4,morgan,1.0,4.0
CYP3A4_IC50,measurement,random_fold4,weighted_tobit_anchor,0,8.0,0.85,gaussian,9620,2405,5.251811972993799,0.49789712350624293,0.7024898875099722,0.6857880285764234,1333,0.36473880597014924,0.6,0.3556201550387597,1072,5.251811972993799,0.3070539419087137,0.1386996904024768,0.7771231838444048,0.1963422194194772,2338,723,1615,0.30682670667666917,1.1810685519033897,0.15143455383194906,random,4,morgan,1.0,8.0
CYP3A4_IC50,measurement,random_fold4,weighted_tobit_anchor,1,2.0,0.85,gaussian,9620,2405,5.251811972993799,0.5094170285895033,0.7109062703558074,0.6866350995677125,1333,0.37779850746268656,0.725,0.3643410852713178,1072,5.251811972993799,0.31673582295988933,0.1417956656346749,0.7707342557027179,0.2067935299097075,2338,723,1615,0.41035258814703673,1.052454685190732,0.14123789210230908,random,4,morgan,1.0,2.0
CYP3A4_IC50,measurement,random_fold4,weighted_tobit_anchor,1,4.0,0.85,gaussian,9620,2405,5.251811972993799,0.5001763962581731,0.7010850386138437,0.6923758813105911,1333,0.33675373134328357,0.75,0.32073643410852715,1072,5.251811972993799,0.3333333333333333,0.11640866873065016,0.7751289989680082,0.19407940810107308,2338,723,1615,0.34433608402100524,0.8138443101797352,0.1453984977568634,random,4,morgan,1.0,4.0
CYP3A4_IC50,measurement,random_fold4,weighted_tobit_anchor,1,8.0,0.85,gaussian,9620,2405,5.251811972993799,0.503983051927123,0.7042318072047087,0.6878546173269316,1333,0.333955223880597,0.75,0.3178294573643411,1072,5.251811972993799,0.334716459197787,0.13003095975232198,0.7676262905249456,0.19749469732941416,2338,723,1615,0.3563390847711928,1.3301785779856958,0.147157216558678,random,4,morgan,1.0,8.0
hERG_IC50,measurement,random_fold0,weighted_tobit_anchor,0,2.0,0.85,gaussian,13292,3324,5.277366077466188,0.47391874721215316,0.7148202460457916,0.7210498762984866,2378,0.4788583509513742,0.2647058823529412,0.49544419134396356,946,5.277366077466188,0.178060413354531,0.21335341365461846,0.8042930864954252,0.20221677220133097,3250,1258,1992,0.3801513877207738,0.693607791923854,0.15632939360369283,random,0,morgan,1.0,2.0
hERG_IC50,measurement,random_fold0,weighted_tobit_anchor,0,4.0,0.85,gaussian,13292,3324,5.277366077466188,0.46708931620654226,0.712489792551241,0.7206220939261919,2378,0.44608879492600423,0.27941176470588236,0.45899772209567197,946,5.277366077466188,0.19236883942766295,0.1892570281124498,0.8091870662299436,0.19501460069267776,3250,1258,1992,0.3675357443229605,0.720680633865689,0.1543778426414188,random,0,morgan,1.0,4.0
hERG_IC50,measurement,random_fold0,weighted_tobit_anchor,0,8.0,0.85,gaussian,13292,3324,5.277366077466188,0.4662715724382367,0.7153004599626143,0.7150069891431486,2378,0.35517970401691334,0.36764705882352944,0.3542141230068337,946,5.277366077466188,0.24960254372019078,0.13253012048192772,0.8089336678989407,0.1847628728508053,3250,1258,1992,0.41169049621530696,1.0385490931926054,0.13043199300661346,random,0,morgan,1.0,8.0
hERG_IC50,measurement,random_fold0,weighted_tobit_anchor,1,2.0,0.85,gaussian,13292,3324,5.277366077466188,0.44625058097225134,0.6921699807359679,0.728797230729404,2378,0.427061310782241,0.3088235294117647,0.43621867881548976,946,5.277366077466188,0.2138314785373609,0.15863453815261044,0.8137669916550143,0.18424081187195648,3250,1258,1992,0.36459209419680405,0.5520467593823404,0.14106908015086556,random,0,morgan,1.0,2.0
hERG_IC50,measurement,random_fold0,weighted_tobit_anchor,1,4.0,0.85,gaussian,13292,3324,5.277366077466188,0.4716969234492586,0.7053081435729386,0.7248935506773443,2378,0.4450317124735729,0.2647058823529412,0.45899772209567197,946,5.277366077466188,0.17090620031796502,0.19728915662650603,0.8159023215277645,0.19409563396211532,3250,1258,1992,0.3948696383515559,0.7302387298381586,0.1425709384099144,random,0,morgan,1.0,4.0
hERG_IC50,measurement,random_fold0,weighted_tobit_anchor,1,8.0,0.85,gaussian,13292,3324,5.277366077466188,0.45508812934218446,0.6923521541805705,0.7229671650342149,2378,0.3879492600422833,0.3088235294117647,0.3940774487471526,946,5.277366077466188,0.2082670906200318,0.16817269076305222,0.811780109308458,0.19056305454972744,3250,1258,1992,0.41042893187552565,0.8633404371467637,0.141704379853672,random,0,morgan,1.0,8.0
hERG_IC50,measurement,random_fold1,weighted_tobit_anchor,0,2.0,0.85,gaussian,13293,3323,5.2873511139324325,0.4420873398951517,0.6521243531794219,0.7366285501283051,2288,0.45120772946859905,0.20689655172413793,0.4657113613101331,1035,5.2873511139324325,0.19618055555555555,0.19664268585131894,0.8035883792965628,0.19720483745621242,3237,1152,2085,0.3631993006993007,0.602660366460017,0.15680297395993295,random,1,morgan,1.0,2.0
hERG_IC50,measurement,random_fold1,weighted_tobit_anchor,0,4.0,0.85,gaussian,13293,3323,5.2873511139324325,0.4813163165689412,0.6923469314838303,0.7344057832331693,2288,0.26956521739130435,0.25862068965517243,0.27021494370522003,1035,5.2873511139324325,0.3220486111111111,0.09688249400479616,0.7905344474420464,0.182503638844542,3237,1152,2085,0.4458041958041958,0.7586937536071294,0.12411032903345534,random,1,morgan,1.0,4.0
hERG_IC50,measurement,random_fold1,weighted_tobit_anchor,0,8.0,0.85,gaussian,13293,3323,5.2873511139324325,0.4471852169635699,0.6648582681014383,0.7336086148482318,2288,0.3961352657004831,0.2413793103448276,0.4053224155578301,1035,5.2873511139324325,0.2013888888888889,0.16498800959232615,0.8168115507593925,0.18641115788554577,3237,1152,2085,0.46940559440559443,0.866697099739514,0.12979117760006764,random,1,morgan,1.0,8.0
hERG_IC50,measurement,random_fold1,weighted_tobit_anchor,1,2.0,0.85,gaussian,13293,3323,5.2873511139324325,0.43955519991687847,0.6523700488496277,0.7353755046429867,2288,0.34299516908212563,0.22413793103448276,0.3500511770726714,1035,5.2873511139324325,0.2821180555555556,0.11270983213429256,0.8025860561550759,0.17957273102058244,3237,1152,2085,0.4195804195804196,0.6507278960092355,0.12573934581178178,random,1,morgan,1.0,2.0
hERG_IC50,measurement,random_fold1,weighted_tobit_anchor,1,4.0,0.85,gaussian,13293,3323,5.2873511139324325,0.46411223346506747,0.6745500400945565,0.7362187820949988,2288,0.2985507246376812,0.25862068965517243,0.300921187308086,1035,5.2873511139324325,0.3072916666666667,0.08968824940047962,0.801510041966427,0.1777933615255581,3237,1152,2085,0.4541083916083916,0.7221263826090198,0.11913753667908106,random,1,morgan,1.0,4.0
hERG_IC50,measurement,random_fold1,weighted_tobit_anchor,1,8.0,0.85,gaussian,13293,3323,5.2873511139324325,0.4461837767729494,0.6623355460211618,0.7379299783429079,2288,0.30531400966183575,0.2413793103448276,0.3091095189355169,1035,5.2873511139324325,0.2786458333333333,0.10311750599520383,0.8091183303357314,0.17020122863170162,3237,1152,2085,0.3754370629370629,0.5930999613582668,0.12805215849575105,random,1,morgan,1.0,8.0
hERG_IC50,measurement,random_fold2,weighted_tobit_anchor,0,2.0,0.85,gaussian,13293,3323,5.2839966563652006,0.44996703222177364,0.667182856538088,0.7161053307283275,2330,0.4199395770392749,0.31746031746031744,0.4268817204301075,993,5.2839966563652006,0.2411764705882353,0.16441658630665382,0.7972034715525554,0.19471162241126794,3264,1190,2074,0.3339055793991416,0.6436588098515577,0.15713769545006265,random,2,morgan,1.0,2.0
hERG_IC50,measurement,random_fold2,weighted_tobit_anchor,0,4.0,0.85,gaussian,13293,3323,5.2839966563652006,0.45032278708248463,0.6727226096337482,0.7212784080471392,2330,0.4259818731117825,0.3492063492063492,0.4311827956989247,993,5.2839966563652006,0.22605042016806723,0.16104146576663453,0.8064540570326492,0.18925639068288577,3264,1190,2074,0.3802575107296137,0.8468166323855497,0.14545334228682794,random,2,morgan,1.0,4.0
hERG_IC50,measurement,random_fold2,weighted_tobit_anchor,0,8.0,0.85,gaussian,13293,3323,5.2839966563652006,0.4685444802829032,0.688390938909663,0.7147666466532536,2330,0.3464249748237664,0.36507936507936506,0.34516129032258064,993,5.2839966563652006,0.29327731092436976,0.12632594021215043,0.7901983744317399,0.19193367951909202,3264,1190,2074,0.39527896995708156,1.0759051538886728,0.13759925729777223,random,2,morgan,1.0,8.0
hERG_IC50,measurement,random_fold2,weighted_tobit_anchor,1,2.0,0.85,gaussian,13293,3323,5.2839966563652006,0.4676449705515606,0.68274443418421,0.7255761503033666,2330,0.34541792547834843,0.36507936507936506,0.34408602150537637,993,5.2839966563652006,0.31092436974789917,0.10318225650916105,0.7929466868714699,0.18431390868255765,3264,1190,2074,0.3811158798283262,0.6399896082455097,0.13716779770313078,random,2,morgan,1.0,2.0
hERG_IC50,measurement,random_fold2,weighted_tobit_anchor,1,4.0,0.85,gaussian,13293,3323,5.2839966563652006,0.4511847923041608,0.6690895727036132,0.719948501639597,2330,0.36958710976837866,0.3333333333333333,0.3720430107526882,993,5.2839966563652006,0.23529411764705882,0.15863066538090645,0.8030376084860174,0.19463497781601707,3264,1190,2074,0.44420600858369097,0.7809565388296477,0.13919125098405483,random,2,morgan,1.0,4.0
hERG_IC50,measurement,random_fold2,weighted_tobit_anchor,1,8.0,0.85,gaussian,13293,3323,5.2839966563652006,0.4609608277586262,0.6779172678168991,0.7240153549291648,2330,0.337361530715005,0.38095238095238093,0.33440860215053764,993,5.2839966563652006,0.3,0.11186113789778207,0.7940694310511089,0.18515211593779377,3264,1190,2074,0.340343347639485,0.6185845049114334,0.145747997722226,random,2,morgan,1.0,8.0
hERG_IC50,measurement,random_fold3,weighted_tobit_anchor,0,2.0,0.85,gaussian,13293,3323,5.300000202445418,0.4955075994800566,0.7242540569487329,0.7179103836342785,2364,0.29822732012513037,0.34545454545454546,0.29535398230088494,959,5.300000202445418,0.33392382639503987,0.0983451536643026,0.7838655099703288,0.18476195479210353,3244,1129,2115,0.4547377326565144,0.773264254825057,0.12887655738231574,random,3,morgan,1.0,2.0
hERG_IC50,measurement,random_fold3,weighted_tobit_anchor,0,4.0,0.85,gaussian,13293,3323,5.300000202445418,0.47471966216839073,0.711072319602122,0.7124277976925605,2364,0.337851929092805,0.2909090909090909,0.3407079646017699,959,5.300000202445418,0.27900797165633306,0.11536643026004728,0.8028127990418098,0.18177257272187708,3244,1129,2115,0.4517766497461929,0.8514192887723614,0.1250820070440723,random,3,morgan,1.0,4.0
hERG_IC50,measurement,random_fold3,weighted_tobit_anchor,0,8.0,0.85,gaussian,13293,3323,5.300000202445418,0.4656823027020086,0.696414848074328,0.7142501467154034,2364,0.4118873826903024,0.2545454545454545,0.42146017699115046,959,5.300000202445418,0.2240921169176262,0.16973995271867612,0.8030839651818489,0.19283107470673588,3244,1129,2115,0.38071065989847713,0.7681350187939682,0.15021875951411073,random,3,morgan,1.0,8.0
hERG_IC50,measurement,random_fold3,weighted_tobit_anchor,1,2.0,0.85,gaussian,13293,3323,5.300000202445418,0.47565051113812895,0.706015653247958,0.7155235981806578,2364,0.3607924921793535,0.2727272727272727,0.3661504424778761,959,5.300000202445418,0.2612931798051373,0.1314420803782506,0.8036323699083061,0.1939945132701529,3244,1129,2115,0.5219966159052454,1.167364161782472,0.10217697230372946,random,3,morgan,1.0,2.0
hERG_IC50,measurement,random_fold3,weighted_tobit_anchor,1,4.0,0.85,gaussian,13293,3323,5.300000202445418,0.45697296796665204,0.6870750173401555,0.7190799662288743,2364,0.4129301355578728,0.2545454545454545,0.4225663716814159,959,5.300000202445418,0.21700620017714792,0.17872340425531916,0.8021351977837665,0.19161673095059067,3244,1129,2115,0.3912859560067682,0.655445527101061,0.14933890084062132,random,3,morgan,1.0,4.0
hERG_IC50,measurement,random_fold3,weighted_tobit_anchor,1,8.0,0.85,gaussian,13293,3323,5.300000202445418,0.476170643274722,0.6946701960056213,0.7201412235463933,2364,0.4546402502606882,0.2545454545454545,0.4668141592920354,959,5.300000202445418,0.18423383525243578,0.20851063829787234,0.803627763224846,0.20567502166332358,3244,1129,2115,0.3836717428087986,0.8206601220532658,0.15905789968186346,random,3,morgan,1.0,8.0
hERG_IC50,measurement,random_fold4,weighted_tobit_anchor,0,2.0,0.85,gaussian,13293,3323,5.281913904065232,0.43623669296846157,0.6368132809304328,0.74926732783729,2350,0.35868448098663924,0.2978723404255319,0.3617710583153348,973,5.281913904065232,0.27510204081632655,0.11764705882352941,0.803625450180072,0.18044039598762485,3248,1225,2023,0.3948936170212766,0.627441181163344,0.1323443493950351,random,4,morgan,1.0,2.0
hERG_IC50,measurement,random_fold4,weighted_tobit_anchor,0,4.0,0.85,gaussian,13293,3323,5.281913904065232,0.42644772138470227,0.6275471082642362,0.742204220524031,2350,0.43884892086330934,0.1702127659574468,0.4524838012958963,973,5.281913904065232,0.19918367346938776,0.17745921898171033,0.811678553774451,0.18835496162783874,3248,1225,2023,0.354468085106383,0.6029613525216486,0.15195227278166779,random,4,morgan,1.0,4.0
hERG_IC50,measurement,random_fold4,weighted_tobit_anchor,0,8.0,0.85,gaussian,13293,3323,5.281913904065232,0.42841536906044525,0.6362928104254795,0.7413864695012181,2350,0.39568345323741005,0.23404255319148937,0.4038876889848812,973,5.281913904065232,0.2146938775510204,0.15521502718734553,0.815045547630817,0.18932624678183252,3248,1225,2023,0.4025531914893617,1.3121065054601357,0.1246104366526815,random,4,morgan,1.0,8.0
hERG_IC50,measurement,random_fold4,weighted_tobit_anchor,1,2.0,0.85,gaussian,13293,3323,5.281913904065232,0.428060037469137,0.6355006992090262,0.7451463790773376,2350,0.35149023638232274,0.23404255319148937,0.357451403887689,973,5.281913904065232,0.26693877551020406,0.11122095897182402,0.8109201327589859,0.17997547012459783,3248,1225,2023,0.4523404255319149,0.6796144160030115,0.12301758289416487,random,4,morgan,1.0,2.0
hERG_IC50,measurement,random_fold4,weighted_tobit_anchor,1,4.0,0.85,gaussian,13293,3323,5.281913904065232,0.4305434614084233,0.6322431470071271,0.7500112971487991,2350,0.3607399794450154,0.2765957446808511,0.3650107991360691,973,5.281913904065232,0.27183673469387754,0.11122095897182402,0.8084711531671491,0.1778354370952016,3248,1225,2023,0.37617021276595747,0.5632127038447879,0.13372190588775232,random,4,morgan,1.0,4.0
hERG_IC50,measurement,random_fold4,weighted_tobit_anchor,1,8.0,0.85,gaussian,13293,3323,5.281913904065232,0.429839167437936,0.6283741934216427,0.7477013756756582,2350,0.34121274409044194,0.2553191489361702,0.34557235421166305,973,5.281913904065232,0.2693877551020408,0.11122095897182402,0.8096956429630675,0.17874428067146692,3248,1225,2023,0.4459574468085106,0.8533908683935196,0.11959860138087394,random,4,morgan,1.0,8.0
hERG_Ki,measurement,random_fold0,weighted_tobit_anchor,0,2.0,0.85,gaussian,2186,547,5.450018872843044,0.39680247354466475,0.596452761211821,0.7945293946500538,349,0.35858585858585856,0.5,0.34782608695652173,198,5.450018872843044,0.1411764705882353,0.10315186246418338,0.8778358334737906,0.1211044998300515,519,170,349,0.4498567335243553,0.4274124774196103,0.09642851443114424,random,0,morgan,1.0,2.0
hERG_Ki,measurement,random_fold0,weighted_tobit_anchor,0,4.0,0.85,gaussian,2186,547,5.450018872843044,0.40167213045930006,0.5809745916363245,0.801941410324384,349,0.3838383838383838,0.35714285714285715,0.3858695652173913,198,5.450018872843044,0.11176470588235295,0.12320916905444126,0.8825130625316029,0.11931422888760357,519,170,349,0.3982808022922636,0.4138543855043202,0.09922767121903407,random,0,morgan,1.0,4.0
hERG_Ki,measurement,random_fold0,weighted_tobit_anchor,0,8.0,0.85,gaussian,2186,547,5.450018872843044,0.4109209697260713,0.5967021944698304,0.7874769660797698,349,0.19696969696969696,0.42857142857142855,0.1793478260869565,198,5.450018872843044,0.18235294117647058,0.07736389684813753,0.870141580987696,0.11567224755410992,519,170,349,0.37249283667621774,0.369070873087287,0.09997036310027778,random,0,morgan,1.0,8.0
hERG_Ki,measurement,random_fold0,weighted_tobit_anchor,1,2.0,0.85,gaussian,2186,547,5.450018872843044,0.43773201447305266,0.6084098925538257,0.8004787597542118,349,0.18686868686868688,0.5,0.16304347826086957,198,5.450018872843044,0.2235294117647059,0.054441260744985676,0.8610146637451542,0.12142201182653832,519,170,349,0.41260744985673353,0.5002578583348174,0.0885936248498265,random,0,morgan,1.0,2.0
hERG_Ki,measurement,random_fold0,weighted_tobit_anchor,1,4.0,0.85,gaussian,2186,547,5.450018872843044,0.4095583329508996,0.5918504266283456,0.802130599767338,349,0.18686868686868688,0.42857142857142855,0.16847826086956522,198,5.450018872843044,0.15294117647058825,0.0659025787965616,0.8905781223664251,0.10727522199850403,519,170,349,0.3667621776504298,0.3604000358254834,0.09018377674720224,random,0,morgan,1.0,4.0
hERG_Ki,measurement,random_fold0,weighted_tobit_anchor,1,8.0,0.85,gaussian,2186,547,5.450018872843044,0.4193251037750027,0.6010439116626317,0.7920771377628909,349,0.1919191919191919,0.35714285714285715,0.1793478260869565,198,5.450018872843044,0.14705882352941177,0.08882521489971347,0.8820579807854374,0.11590500349905117,519,170,349,0.5501432664756447,0.7115964562817446,0.08090060490690171,random,0,morgan,1.0,8.0
hERG_Ki,measurement,random_fold1,weighted_tobit_anchor,0,2.0,0.85,gaussian,2186,547,5.463008295879135,0.43500596281660586,0.6857891891678238,0.7401960425890873,371,0.26136363636363635,0.4,0.2573099415204678,176,5.463008295879135,0.26857142857142857,0.08781869688385269,0.8218049372723594,0.15508311013544604,528,175,353,0.40700808625336926,0.3722931184350755,0.13348262522263465,random,1,morgan,1.0,2.0
hERG_Ki,measurement,random_fold1,weighted_tobit_anchor,0,4.0,0.85,gaussian,2186,547,5.463008295879135,0.47325800472922286,0.7227546749044272,0.7265241457079402,371,0.2159090909090909,0.2,0.21637426900584794,176,5.463008295879135,0.29714285714285715,0.0708215297450425,0.8160178065560502,0.1543469722855897,528,175,353,0.4474393530997305,0.5022834463757471,0.1263455246251189,random,1,morgan,1.0,4.0
hERG_Ki,measurement,random_fold1,weighted_tobit_anchor,0,8.0,0.85,gaussian,2186,547,5.463008295879135,0.4667354702734146,0.7195576264039045,0.7376033057555899,371,0.19886363636363635,0.2,0.19883040935672514,176,5.463008295879135,0.29714285714285715,0.0708215297450425,0.8160178065560502,0.1495088670998205,528,175,353,0.2884097035040431,0.29251185426119447,0.13206826124702828,random,1,morgan,1.0,8.0
hERG_Ki,measurement,random_fold1,weighted_tobit_anchor,1,2.0,0.85,gaussian,2186,547,5.463008295879135,0.4583178911869854,0.7019790085421117,0.7533698118049895,371,0.26136363636363635,0.6,0.25146198830409355,176,5.463008295879135,0.3142857142857143,0.0708215297450425,0.8074463779846216,0.15362971508150747,528,175,353,0.3719676549865229,0.39319881120912986,0.13144797442921397,random,1,morgan,1.0,2.0
hERG_Ki,measurement,random_fold1,weighted_tobit_anchor,1,4.0,0.85,gaussian,2186,547,5.463008295879135,0.4407106419357755,0.6812432429722561,0.732317853273514,371,0.3465909090909091,0.2,0.3508771929824561,176,5.463008295879135,0.2571428571428571,0.11331444759206799,0.8147713476325374,0.1600144544189979,528,175,353,0.4123989218328841,0.3831189108667947,0.13465482033840287,random,1,morgan,1.0,4.0
hERG_Ki,measurement,random_fold1,weighted_tobit_anchor,1,8.0,0.85,gaussian,2186,547,5.463008295879135,0.4337809641328418,0.67246424434043,0.7421604084481765,371,0.3181818181818182,0.2,0.3216374269005848,176,5.463008295879135,0.2742857142857143,0.0906515580736544,0.8175313638203157,0.15837277711748096,528,175,353,0.39892183288409705,0.3464646877451237,0.1270390830336654,random,1,morgan,1.0,8.0
hERG_Ki,measurement,random_fold2,weighted_tobit_anchor,0,2.0,0.85,gaussian,2186,547,5.460832452985943,0.39784141606413315,0.5889911092993243,0.8056490575543042,385,0.36419753086419754,0.35294117647058826,0.36551724137931035,162,5.460832452985943,0.19672131147540983,0.13432835820895522,0.8344751651578175,0.1655077887199913,518,183,335,0.3948051948051948,0.40933729006239206,0.14687959524505112,random,2,morgan,1.0,2.0
hERG_Ki,measurement,random_fold2,weighted_tobit_anchor,0,4.0,0.85,gaussian,2186,547,5.460832452985943,0.40594872365608164,0.5947991954504841,0.8014296160940315,385,0.4012345679012346,0.17647058823529413,0.42758620689655175,162,5.460832452985943,0.16939890710382513,0.17313432835820897,0.828733382268983,0.17301690105621964,518,183,335,0.42337662337662335,0.5243225148664223,0.14369448254385478,random,2,morgan,1.0,4.0
hERG_Ki,measurement,random_fold2,weighted_tobit_anchor,0,8.0,0.85,gaussian,2186,547,5.460832452985943,0.4367727932111544,0.6137828022836513,0.8017638522165926,385,0.2716049382716049,0.29411764705882354,0.2689655172413793,162,5.460832452985943,0.2185792349726776,0.12238805970149254,0.8295163526629149,0.1609521827119262,518,183,335,0.45194805194805193,0.839791959204759,0.12351985422259082,random,2,morgan,1.0,8.0
hERG_Ki,measurement,random_fold2,weighted_tobit_anchor,1,2.0,0.85,gaussian,2186,547,5.460832452985943,0.40471568248097967,0.5905652945743132,0.7905454600159582,385,0.3333333333333333,0.29411764705882354,0.33793103448275863,162,5.460832452985943,0.2185792349726776,0.14029850746268657,0.8205611287823179,0.17278769816670606,518,183,335,0.5038961038961038,0.6253714238252999,0.13007657108998105,random,2,morgan,1.0,2.0
hERG_Ki,measurement,random_fold2,weighted_tobit_anchor,1,4.0,0.85,gaussian,2186,547,5.460832452985943,0.409767606646481,0.590431114320435,0.7978794893139728,385,0.3950617283950617,0.23529411764705882,0.41379310344827586,162,5.460832452985943,0.20765027322404372,0.1582089552238806,0.8170703857760379,0.17999518828895864,518,183,335,0.3974025974025974,0.462797027386147,0.15127533636141938,random,2,morgan,1.0,4.0
hERG_Ki,measurement,random_fold2,weighted_tobit_anchor,1,8.0,0.85,gaussian,2186,547,5.460832452985943,0.42054627015259327,0.6127940785927121,0.791250894100721,385,0.29012345679012347,0.23529411764705882,0.296551724137931,162,5.460832452985943,0.2459016393442623,0.13134328358208955,0.811377538536824,0.168960737982262,518,183,335,0.35584415584415585,0.5372102338928949,0.14618765426718777,random,2,morgan,1.0,8.0
hERG_Ki,measurement,random_fold3,weighted_tobit_anchor,0,2.0,0.85,gaussian,2187,546,5.422514279227764,0.3911489363410313,0.5638374867000892,0.7879738385649955,349,0.36548223350253806,0.3888888888888889,0.36312849162011174,197,5.422514279227764,0.24324324324324326,0.1299093655589124,0.8134236955989222,0.16406350922996205,516,185,331,0.4040114613180516,0.3733061143000468,0.1415676183754197,random,3,morgan,1.0,2.0
hERG_Ki,measurement,random_fold3,weighted_tobit_anchor,0,4.0,0.85,gaussian,2187,546,5.422514279227764,0.4643540629551442,0.6260260511074526,0.7849015281762296,349,0.25380710659898476,0.5555555555555556,0.22346368715083798,197,5.422514279227764,0.31351351351351353,0.08761329305135952,0.7994365967175634,0.17309254445779704,516,185,331,0.3553008595988539,0.47927626102301574,0.14413098881509165,random,3,morgan,1.0,4.0
hERG_Ki,measurement,random_fold3,weighted_tobit_anchor,0,8.0,0.85,gaussian,2187,546,5.422514279227764,0.39955332222874324,0.5678256718018904,0.7829078760304974,349,0.3299492385786802,0.3888888888888889,0.3240223463687151,197,5.422514279227764,0.24864864864864866,0.1299093655589124,0.8107209928962195,0.16731150695754957,516,185,331,0.3954154727793696,0.3315242108479009,0.1509614768080628,random,3,morgan,1.0,8.0
hERG_Ki,measurement,random_fold3,weighted_tobit_anchor,1,2.0,0.85,gaussian,2187,546,5.422514279227764,0.38968280116534076,0.5587758145769874,0.8024062632434019,349,0.34517766497461927,0.3888888888888889,0.3407821229050279,197,5.422514279227764,0.24864864864864866,0.1148036253776435,0.8182738629868539,0.16598455433647463,516,185,331,0.5157593123209169,0.5818326722815415,0.11480191766005975,random,3,morgan,1.0,2.0
hERG_Ki,measurement,random_fold3,weighted_tobit_anchor,1,4.0,0.85,gaussian,2187,546,5.422514279227764,0.3910198794524074,0.5468610046527883,0.8066995548378235,349,0.3147208121827411,0.3888888888888889,0.30726256983240224,197,5.422514279227764,0.25405405405405407,0.10876132930513595,0.818592308320405,0.16465108336661935,516,185,331,0.38108882521489973,0.3581861239402605,0.13349304827207067,random,3,morgan,1.0,4.0
hERG_Ki,measurement,random_fold3,weighted_tobit_anchor,1,8.0,0.85,gaussian,2187,546,5.422514279227764,0.41937642799659797,0.5813815302612177,0.7864583180801884,349,0.25380710659898476,0.3888888888888889,0.24022346368715083,197,5.422514279227764,0.2810810810810811,0.09667673716012085,0.8111210908793991,0.16370868423339188,516,185,331,0.3151862464183381,0.3290889620383277,0.13788704371227917,random,3,morgan,1.0,8.0
hERG_Ki,measurement,random_fold4,weighted_tobit_anchor,0,2.0,0.85,gaussian,2187,546,5.419531455897478,0.4515673009971008,0.6514738912145058,0.7829807772734049,357,0.2275132275132275,0.15384615384615385,0.23295454545454544,189,5.419531455897478,0.22959183673469388,0.0975609756097561,0.8364235938277751,0.1445363903938185,524,196,328,0.41456582633053224,0.4607331284604223,0.1165886642511197,random,4,morgan,1.0,2.0
hERG_Ki,measurement,random_fold4,weighted_tobit_anchor,0,4.0,0.85,gaussian,2187,546,5.419531455897478,0.4420121444977683,0.6354825914495326,0.7997843428421756,357,0.21164021164021163,0.15384615384615385,0.2159090909090909,189,5.419531455897478,0.16326530612244897,0.11890243902439024,0.8589161274265804,0.1383743412506858,524,196,328,0.4173669467787115,0.45427453018552266,0.11194332356984024,random,4,morgan,1.0,4.0
hERG_Ki,measurement,random_fold4,weighted_tobit_anchor,0,8.0,0.85,gaussian,2187,546,5.419531455897478,0.45018770101932876,0.6449142161206771,0.7946650068057585,357,0.164021164021164,0.15384615384615385,0.16477272727272727,189,5.419531455897478,0.18877551020408162,0.10975609756097561,0.8507341961174714,0.14024367995531753,524,196,328,0.37254901960784315,0.43643489528858026,0.11509703668270221,random,4,morgan,1.0,8.0
hERG_Ki,measurement,random_fold4,weighted_tobit_anchor,1,2.0,0.85,gaussian,2187,546,5.419531455897478,0.4374590345014733,0.6351502557313785,0.7824138842274819,357,0.31216931216931215,0.15384615384615385,0.32386363636363635,189,5.419531455897478,0.15816326530612246,0.11890243902439024,0.8614671478347437,0.13871544865580365,524,196,328,0.4005602240896359,0.4066591528161043,0.10866415949184856,random,4,morgan,1.0,2.0
hERG_Ki,measurement,random_fold4,weighted_tobit_anchor,1,4.0,0.85,gaussian,2187,546,5.419531455897478,0.45038555413870746,0.6400023214070616,0.800365101196699,357,0.14814814814814814,0.15384615384615385,0.14772727272727273,189,5.419531455897478,0.19387755102040816,0.07926829268292683,0.8634270781483325,0.1298470174230868,524,196,328,0.40896358543417366,0.4350874133480472,0.10581974541010877,random,4,morgan,1.0,4.0
hERG_Ki,measurement,random_fold4,weighted_tobit_anchor,1,8.0,0.85,gaussian,2187,546,5.419531455897478,0.4360421614085155,0.628499212928703,0.7968857010413246,357,0.1746031746031746,0.15384615384615385,0.17613636363636365,189,5.419531455897478,0.17857142857142858,0.09451219512195122,0.8634581881533101,0.13040627652073433,524,196,328,0.31932773109243695,0.3004977863287749,0.11757489571778174,random,4,morgan,1.0,8.0
