endpoint,granularity,split,treatment,seed,eps,tau,dist,n_train,n_test,threshold,acc_mae,acc_rmse,acc_spearman,acc_n_exact,viol_violation_rate,viol_right_violation_rate,viol_left_violation_rate,viol_n_censored,dec_threshold,dec_false_safe_rate,dec_false_liability_rate,dec_balanced_accuracy,dec_decision_regret,dec_n_resolvable,dec_n_positive,dec_n_negative,cov90,cov90_width,exceed_ece,split_kind,fold,feature_set,anchor_weight
ABCB1_IC50,measurement,random_fold0,satisficing,0,0.02,0.85,gaussian,1943,486,5.678817209577513,0.6750226112255641,1.612950001246261,0.7507718289616406,452,0.47058823529411764,0.0,0.48484848484848486,34,5.678817209577513,0.15789473684210525,0.2421875,0.7999588815789473,0.21254047108192659,484,228,256,0.49557522123893805,1.369466437837261,0.14886332504627484,random,0,morgan,0.0
ABCB1_IC50,measurement,random_fold0,satisficing,1,0.02,0.85,gaussian,1943,486,5.678817209577513,0.6738939516024087,1.5431229679106921,0.74126271541859,452,0.47058823529411764,0.0,0.48484848484848486,34,5.678817209577513,0.18421052631578946,0.21484375,0.8004728618421053,0.23356490308087077,484,228,256,0.6637168141592921,1.9546251261705763,0.10592382971782756,random,0,morgan,0.0
ABCB1_IC50,measurement,random_fold1,satisficing,0,0.02,0.85,gaussian,1943,486,5.690369832574101,0.8649070151460537,2.7296524377837166,0.7730478411952135,450,0.3888888888888889,0.0,0.4,36,5.690369832574101,0.13513513513513514,0.20689655172413793,0.8289841565703635,0.1917310759205092,483,222,261,0.58,2.094372735782103,0.11018952566059356,random,1,morgan,0.0
ABCB1_IC50,measurement,random_fold1,satisficing,1,0.02,0.85,gaussian,1943,486,5.690369832574101,0.864358123404879,2.7823605501096216,0.7698806848327855,450,0.3333333333333333,0.0,0.34285714285714286,36,5.690369832574101,0.16216216216216217,0.14942528735632185,0.844206275240758,0.1850507935789038,483,222,261,0.5844444444444444,2.1296591854359592,0.1055743965950949,random,1,morgan,0.0
ABCB1_IC50,measurement,random_fold2,satisficing,0,0.02,0.85,gaussian,1943,486,5.681936665037238,0.6391218518772673,1.7274380766657274,0.8158407303930328,445,0.4878048780487805,0.0,0.5128205128205128,41,5.681936665037238,0.15178571428571427,0.15891472868217055,0.8446497785160576,0.1684908525541207,482,224,258,0.5280898876404494,1.383252251898069,0.1082500961149128,random,2,morgan,0.0
ABCB1_IC50,measurement,random_fold2,satisficing,1,0.02,0.85,gaussian,1943,486,5.681936665037238,0.7241653225144241,1.9611373249831685,0.8059101011837224,445,0.4634146341463415,0.0,0.48717948717948717,41,5.681936665037238,0.20089285714285715,0.10465116279069768,0.8472279900332227,0.18560229554270052,482,224,258,0.6067415730337079,1.8650342454674287,0.08251844797007647,random,2,morgan,0.0
ABCB1_IC50,measurement,random_fold3,satisficing,0,0.02,0.85,gaussian,1943,486,5.6777807052660805,0.847934330556059,2.6882229638100754,0.7690944979358892,451,0.4,0.0,0.4117647058823529,35,5.6777807052660805,0.1906779661016949,0.11290322580645161,0.8482094040459267,0.17403107773393767,484,236,248,0.5631929046563193,1.9589102363483488,0.08327941733120335,random,3,morgan,0.0
ABCB1_IC50,measurement,random_fold3,satisficing,1,0.02,0.85,gaussian,1943,486,5.6777807052660805,0.8291318710767019,2.532071308310422,0.7734806797140268,451,0.37142857142857144,0.0,0.38235294117647056,35,5.6777807052660805,0.13135593220338984,0.1774193548387097,0.8456123564789503,0.17107731870441198,484,236,248,0.5388026607538803,1.7372271438899476,0.08864948044594302,random,3,morgan,0.0
ABCB1_IC50,measurement,random_fold4,satisficing,0,0.02,0.85,gaussian,1944,485,5.698970004336019,0.9917062606794815,3.3368113422690437,0.7770147346398537,448,0.5135135135135135,1.0,0.5,37,5.698970004336019,0.18055555555555555,0.13857677902621723,0.8404338327091136,0.18647788697687534,483,216,267,0.5736607142857143,2.619036286659648,0.09365393241223102,random,4,morgan,0.0
ABCB1_IC50,measurement,random_fold4,satisficing,1,0.02,0.85,gaussian,1944,485,5.698970004336019,0.9867609405863116,3.3769142171987463,0.7785982911754354,448,0.5135135135135135,1.0,0.5,37,5.698970004336019,0.1574074074074074,0.149812734082397,0.8463899292550978,0.18889635279584316,483,216,267,0.5625,2.5118236975400237,0.09910910572006505,random,4,morgan,0.0
CYP1A2_IC50,measurement,random_fold0,satisficing,0,0.02,0.85,gaussian,3712,928,5.401160037315902,0.7532391554966354,1.030970341876551,0.6438065500441557,379,0.20036429872495445,0.5625,0.1894934333958724,549,5.401160037315902,0.2663316582914573,0.09871244635193133,0.8174779476783056,0.14050407218185676,898,199,699,0.21372031662269128,0.5071323787170138,0.12574121538946767,random,0,morgan,0.0
CYP1A2_IC50,measurement,random_fold0,satisficing,1,0.02,0.85,gaussian,3712,928,5.401160037315902,0.780646592504142,1.0665271871258348,0.6426894985311071,379,0.16393442622950818,0.625,0.150093808630394,549,5.401160037315902,0.39195979899497485,0.06866952789699571,0.7696853365540146,0.1411011305323782,898,199,699,0.25065963060686014,0.5860908432575916,0.12325180673654984,random,0,morgan,0.0
CYP1A2_IC50,measurement,random_fold1,satisficing,0,0.02,0.85,gaussian,3712,928,5.429810095090708,0.7406601719249963,1.0656897072275378,0.6197194096290859,327,0.2129783693843594,0.6666666666666666,0.19655172413793104,601,5.429810095090708,0.2658959537572254,0.07650273224043716,0.8288006570011688,0.11269888784143148,905,173,732,0.2599388379204893,0.5366243888268152,0.10663914279537001,random,1,morgan,0.0
CYP1A2_IC50,measurement,random_fold1,satisficing,1,0.02,0.85,gaussian,3712,928,5.429810095090708,0.7961664842557808,1.1279551546167714,0.6055296938474151,327,0.17803660565723795,0.7142857142857143,0.15862068965517243,601,5.429810095090708,0.32947976878612717,0.060109289617486336,0.8052054707981933,0.1144329193160082,905,173,732,0.26299694189602446,0.5939495582483152,0.09981804927731058,random,1,morgan,0.0
CYP1A2_IC50,measurement,random_fold2,satisficing,0,0.02,0.85,gaussian,3712,928,5.431798275933005,0.7921063241171052,1.0837278432287767,0.6717689253276214,326,0.20764119601328904,0.47368421052631576,0.19897084048027444,602,5.431798275933005,0.24561403508771928,0.07851239669421488,0.8379367841090329,0.11498904162998026,897,171,726,0.3006134969325153,0.6540363704191186,0.10278617586249936,random,2,morgan,0.0
CYP1A2_IC50,measurement,random_fold2,satisficing,1,0.02,0.85,gaussian,3712,928,5.431798275933005,0.7661636914982627,1.0477957587597775,0.6778571698052146,326,0.19601328903654486,0.5263157894736842,0.18524871355060035,602,5.431798275933005,0.2573099415204678,0.06473829201101929,0.8389758832342564,0.10924269332721352,897,171,726,0.29141104294478526,0.7417879819627644,0.09404766771459593,random,2,morgan,0.0
CYP1A2_IC50,measurement,random_fold3,satisficing,0,0.02,0.85,gaussian,3712,928,5.387375089663561,0.831528547798038,1.1250872303964787,0.6180003559253151,367,0.19607843137254902,0.6896551724137931,0.16917293233082706,561,5.387375089663561,0.33183856502242154,0.0621301775147929,0.8030156287313928,0.13168357142025489,899,223,676,0.16348773841961853,0.45192667451816587,0.1157361817946161,random,3,morgan,0.0
CYP1A2_IC50,measurement,random_fold3,satisficing,1,0.02,0.85,gaussian,3712,928,5.387375089663561,0.9105517896810189,1.2154688727248182,0.6047849695987935,367,0.1622103386809269,0.6551724137931034,0.13533834586466165,561,5.387375089663561,0.40358744394618834,0.05325443786982249,0.7715790590919945,0.1399934355534701,899,223,676,0.1880108991825613,0.5398486982879072,0.1286266685561108,random,3,morgan,0.0
CYP1A2_IC50,measurement,random_fold4,satisficing,0,0.02,0.85,gaussian,3712,928,5.431798275933005,0.8277666494923533,1.1218405107590832,0.6420873710539607,330,0.22073578595317725,0.6842105263157895,0.20552677029360966,598,5.431798275933005,0.3236994219653179,0.08298755186721991,0.7966565130837311,0.13027179660896993,896,173,723,0.37575757575757573,1.0215832132090996,0.0977888269562721,random,4,morgan,0.0
CYP1A2_IC50,measurement,random_fold4,satisficing,1,0.02,0.85,gaussian,3712,928,5.431798275933005,0.8152427253722191,1.1267171478704747,0.6577838536299261,330,0.18394648829431437,0.6842105263157895,0.16753022452504318,598,5.431798275933005,0.3236994219653179,0.06224066390041494,0.8070299570671335,0.11474170277167582,896,173,723,0.20303030303030303,0.5042002853749328,0.10945027116752384,random,4,morgan,0.0
CYP2C19_IC50,measurement,random_fold0,satisficing,0,0.02,0.85,gaussian,3134,784,5.0915149811213505,0.633880355921761,0.9470328908253516,0.42248561960447917,343,0.2290249433106576,0.55,0.21377672209026127,441,5.0915149811213505,0.3675675675675676,0.12190812720848057,0.7552621526119759,0.1946214479009782,751,185,566,0.4110787172011662,0.5896724245693649,0.1504165976923124,random,0,morgan,0.0
CYP2C19_IC50,measurement,random_fold0,satisficing,1,0.02,0.85,gaussian,3134,784,5.0915149811213505,0.6745978888497074,0.9838982608022968,0.4095507013825872,343,0.19727891156462585,0.6,0.17814726840855108,441,5.0915149811213505,0.4486486486486487,0.09010600706713781,0.7306226721421067,0.19137545307471035,751,185,566,0.4518950437317784,0.8014764606834951,0.1267559934743418,random,0,morgan,0.0
CYP2C19_IC50,measurement,random_fold1,satisficing,0,0.02,0.85,gaussian,3134,784,5.086186147616283,0.6604462463338906,0.9426273261832021,0.46760130492327345,349,0.23448275862068965,0.625,0.2116788321167883,435,5.086186147616283,0.4512820512820513,0.11252268602540835,0.7180976313462701,0.20399699951265948,746,195,551,0.24068767908309455,0.47293072234285183,0.17215786094646396,random,1,morgan,0.0
CYP2C19_IC50,measurement,random_fold1,satisficing,1,0.02,0.85,gaussian,3134,784,5.086186147616283,0.6509735778667881,0.9251385264925618,0.4680971844161821,349,0.24367816091954023,0.5833333333333334,0.22384428223844283,435,5.086186147616283,0.4256410256410256,0.132486388384755,0.7209362929871097,0.20930197776247897,746,195,551,0.2664756446991404,0.4557692514985516,0.17948854476758686,random,1,morgan,0.0
CYP2C19_IC50,measurement,random_fold2,satisficing,0,0.02,0.85,gaussian,3134,784,5.0915149811213505,0.6289336605228224,0.8801949769851942,0.4665798431502296,344,0.25227272727272726,0.42857142857142855,0.24343675417661098,440,5.0915149811213505,0.45263157894736844,0.12433392539964476,0.7115172478264935,0.20806926928057395,753,190,563,0.311046511627907,0.5430561885078145,0.17273312702747554,random,2,morgan,0.0
CYP2C19_IC50,measurement,random_fold2,satisficing,1,0.02,0.85,gaussian,3134,784,5.0915149811213505,0.6737456617334824,0.9182540017718728,0.45823711178774906,344,0.21136363636363636,0.47619047619047616,0.19809069212410502,440,5.0915149811213505,0.5578947368421052,0.0905861456483126,0.6757595587547911,0.20311722121051132,753,190,563,0.24127906976744187,0.5029687841917575,0.17764379674990396,random,2,morgan,0.0
CYP2C19_IC50,measurement,random_fold3,satisficing,0,0.02,0.85,gaussian,3135,783,5.096910013008056,0.6070536884384055,0.873531926961976,0.4519647308217413,346,0.2585812356979405,0.41379310344827586,0.24754901960784315,437,5.096910013008056,0.391304347826087,0.1524822695035461,0.7281066913351835,0.20807042958192334,748,184,564,0.3236994219653179,0.5130630076257898,0.16716124522464743,random,3,morgan,0.0
CYP2C19_IC50,measurement,random_fold3,satisficing,1,0.02,0.85,gaussian,3135,783,5.096910013008056,0.6254517260708082,0.8954296370868724,0.44982894471315615,346,0.2425629290617849,0.3448275862068966,0.23529411764705882,437,5.096910013008056,0.375,0.1347517730496454,0.7451241134751774,0.2049198934199163,748,184,564,0.34104046242774566,0.5387966757734617,0.15720864700538062,random,3,morgan,0.0
CYP2C19_IC50,measurement,random_fold4,satisficing,0,0.02,0.85,gaussian,3135,783,5.096910013008056,0.6472681575251502,0.929303553642794,0.5074511882624252,324,0.21568627450980393,0.4642857142857143,0.19953596287703015,459,5.096910013008056,0.4647058823529412,0.08620689655172414,0.7245436105476674,0.17701426342835752,750,170,580,0.3055555555555556,0.564333196079475,0.14928761734368473,random,4,morgan,0.0
CYP2C19_IC50,measurement,random_fold4,satisficing,1,0.02,0.85,gaussian,3135,783,5.096910013008056,0.6305459787764824,0.9102937419707596,0.5099707593970998,324,0.20043572984749455,0.39285714285714285,0.18793503480278423,459,5.096910013008056,0.4176470588235294,0.08793103448275862,0.747210953346856,0.1699307861682992,750,170,580,0.3549382716049383,0.6342851793125974,0.1327161869518817,random,4,morgan,0.0
CYP2C9_IC50,measurement,random_fold0,satisficing,0,0.02,0.85,gaussian,5028,1258,5.200659450546418,0.5684774453010965,0.8041511667138016,0.5673546184171439,612,0.22755417956656346,0.5357142857142857,0.21359223300970873,646,5.200659450546418,0.40923076923076923,0.09225512528473805,0.7492570527422464,0.17990203742683192,1203,325,878,0.20098039215686275,0.33530765822047626,0.16087961722147268,random,0,morgan,0.0
CYP2C9_IC50,measurement,random_fold0,satisficing,1,0.02,0.85,gaussian,5028,1258,5.200659450546418,0.5441876991629664,0.7870945862838907,0.5694510912457066,612,0.2848297213622291,0.4642857142857143,0.2766990291262136,646,5.200659450546418,0.31076923076923074,0.1275626423690205,0.7808340634308744,0.17921092132611685,1203,325,878,0.2696078431372549,0.3964417238775438,0.15165325964879023,random,0,morgan,0.0
CYP2C9_IC50,measurement,random_fold1,satisficing,0,0.02,0.85,gaussian,5029,1257,5.1938200260161125,0.5666156318886947,0.7954940335172543,0.5781860310702229,626,0.27258320126782887,0.45454545454545453,0.2625418060200669,631,5.1938200260161125,0.3884057971014493,0.112,0.7497971014492754,0.1966912697432469,1220,345,875,0.3083067092651757,0.48945607257631185,0.15640899941300782,random,1,morgan,0.0
CYP2C9_IC50,measurement,random_fold1,satisficing,1,0.02,0.85,gaussian,5029,1257,5.1938200260161125,0.5942453960642953,0.8352453922703313,0.5644657965705825,626,0.2393026941362916,0.5757575757575758,0.22073578595317725,631,5.1938200260161125,0.4260869565217391,0.08342857142857144,0.7452422360248447,0.18927923329631954,1220,345,875,0.3258785942492013,0.5066224059567785,0.1533984545972071,random,1,morgan,0.0
CYP2C9_IC50,measurement,random_fold2,satisficing,0,0.02,0.85,gaussian,5029,1257,5.1938200260161125,0.6010955781086632,0.843995453766519,0.5179944595014727,611,0.28792569659442724,0.3870967741935484,0.28292682926829266,646,5.1938200260161125,0.38023952095808383,0.15523059617547807,0.732264941433219,0.218545806508305,1223,334,889,0.2700490998363339,0.4450433225439606,0.18960393253507146,random,2,morgan,0.0
CYP2C9_IC50,measurement,random_fold2,satisficing,1,0.02,0.85,gaussian,5029,1257,5.1938200260161125,0.5854584123839841,0.8252827897471873,0.5296914185398289,611,0.32972136222910214,0.3870967741935484,0.32682926829268294,646,5.1938200260161125,0.3143712574850299,0.18672665916760406,0.749451041673683,0.22641630651284164,1223,334,889,0.2896890343698854,0.48495790860891974,0.19171298921224728,random,2,morgan,0.0
CYP2C9_IC50,measurement,random_fold3,satisficing,0,0.02,0.85,gaussian,5029,1257,5.221848749616356,0.5119278588943775,0.7299520887995022,0.6001839905366565,610,0.2936630602782071,0.5,0.2822185970636215,647,5.221848749616356,0.32068965517241377,0.1279826464208243,0.7756638492033809,0.17616513989650254,1212,290,922,0.3377049180327869,0.46869971823402334,0.1481969151098813,random,3,morgan,0.0
CYP2C9_IC50,measurement,random_fold3,satisficing,1,0.02,0.85,gaussian,5029,1257,5.221848749616356,0.5096170864624977,0.7221331883737245,0.5755493760344513,610,0.3168469860896445,0.47058823529411764,0.3083197389885807,647,5.221848749616356,0.33793103448275863,0.13449023861171366,0.7637893634527638,0.18514214051045602,1212,290,922,0.24918032786885247,0.357400255460337,0.1643565580268001,random,3,morgan,0.0
CYP2C9_IC50,measurement,random_fold4,satisficing,0,0.02,0.85,gaussian,5029,1257,5.1938200260161125,0.6165204541591627,0.8404335534658983,0.577663478762074,613,0.20186335403726707,0.6666666666666666,0.18152350081037277,644,5.1938200260161125,0.4484848484848485,0.08587570621468926,0.7328197226502311,0.1880561620859006,1215,330,885,0.20717781402936378,0.41599666839960275,0.16399618945031813,random,4,morgan,0.0
CYP2C9_IC50,measurement,random_fold4,satisficing,1,0.02,0.85,gaussian,5029,1257,5.1938200260161125,0.6053101519167199,0.8406914784315807,0.5641560869522498,613,0.22826086956521738,0.5185185185185185,0.21555915721231766,644,5.1938200260161125,0.4090909090909091,0.096045197740113,0.747431946584489,0.1856642381114164,1215,330,885,0.18923327895595432,0.3384915858470515,0.17136294789464898,random,4,morgan,0.0
CYP2D6_IC50,measurement,random_fold0,satisficing,0,0.02,0.85,gaussian,5912,1479,5.275724130399211,0.5819893496806658,0.8037811602886404,0.6834753432892283,675,0.18034825870646767,0.4,0.17035110533159947,804,5.275724130399211,0.2978142076502732,0.06771799628942486,0.817233898030151,0.13059167352828507,1444,366,1078,0.37037037037037035,0.6868750573240405,0.09681315930767465,random,0,morgan,0.0
CYP2D6_IC50,measurement,random_fold0,satisficing,1,0.02,0.85,gaussian,5912,1479,5.275724130399211,0.5757005814948527,0.7872750306544383,0.6749178956875207,675,0.21393034825870647,0.34285714285714286,0.20806241872561768,804,5.275724130399211,0.2568306010928962,0.11131725417439703,0.8159260723663534,0.14784507830615068,1444,366,1078,0.3244444444444444,0.543832829253117,0.11982019040253716,random,0,morgan,0.0
CYP2D6_IC50,measurement,random_fold1,satisficing,0,0.02,0.85,gaussian,5913,1478,5.286516768684963,0.6261864901749298,0.8807926134149379,0.6367218025340853,669,0.2138442521631644,0.6341463414634146,0.19140625,809,5.286516768684963,0.3081232492997199,0.07929104477611941,0.8062928529620803,0.1376738049841014,1429,357,1072,0.3183856502242152,0.6182424861905542,0.1123833300090672,random,1,morgan,0.0
CYP2D6_IC50,measurement,random_fold1,satisficing,1,0.02,0.85,gaussian,5913,1478,5.286516768684963,0.600936543893483,0.8550137224248433,0.6477737118158577,669,0.24598269468479605,0.6097560975609756,0.2265625,809,5.286516768684963,0.27170868347338933,0.09235074626865672,0.817970285128977,0.14230134500162453,1429,357,1072,0.3632286995515695,0.5747002898167676,0.11405059487630322,random,1,morgan,0.0
CYP2D6_IC50,measurement,random_fold2,satisficing,0,0.02,0.85,gaussian,5913,1478,5.2839966563652006,0.6039486309019718,0.8796474654828369,0.6320109089981208,687,0.23261694058154236,0.4358974358974359,0.2220744680851064,791,5.2839966563652006,0.3027027027027027,0.09962756052141528,0.7988348683879409,0.15230918194437199,1444,370,1074,0.314410480349345,0.4746932398758104,0.13241075571943217,random,2,morgan,0.0
CYP2D6_IC50,measurement,random_fold2,satisficing,1,0.02,0.85,gaussian,5913,1478,5.2839966563652006,0.6209083344883577,0.9180289159183109,0.6342788079642268,687,0.16940581542351454,0.46153846153846156,0.15425531914893617,791,5.2839966563652006,0.3621621621621622,0.07076350093109869,0.7835371684533696,0.14682891332668344,1444,370,1074,0.28093158660844253,0.46232932346182976,0.12948978390058968,random,2,morgan,0.0
CYP2D6_IC50,measurement,random_fold3,satisficing,0,0.02,0.85,gaussian,5913,1478,5.275724130399211,0.5764025110879516,0.8323236289189015,0.6518976841860743,653,0.2096969696969697,0.46808510638297873,0.19408740359897173,825,5.275724130399211,0.24731182795698925,0.09330819981149858,0.8296899861157561,0.13700578641858488,1433,372,1061,0.33078101071975496,0.4686896925802379,0.11371916193343198,random,3,morgan,0.0
CYP2D6_IC50,measurement,random_fold3,satisficing,1,0.02,0.85,gaussian,5913,1478,5.275724130399211,0.573028381118244,0.8372951712755583,0.6467367536605737,653,0.21212121212121213,0.48936170212765956,0.1953727506426735,825,5.275724130399211,0.260752688172043,0.09048067860508954,0.8243833166114337,0.13596017528481522,1433,372,1061,0.3124042879019908,0.44268599624467786,0.11682175804348618,random,3,morgan,0.0
CYP2D6_IC50,measurement,random_fold4,satisficing,0,0.02,0.85,gaussian,5913,1478,5.292429823902063,0.5878652728813758,0.8323553779710757,0.6604825486317741,675,0.14072229140722292,0.43333333333333335,0.129366106080207,803,5.292429823902063,0.35714285714285715,0.05156537753222836,0.7956458826624573,0.12923003674654182,1436,350,1086,0.32,0.5037783445876391,0.10642219531140583,random,4,morgan,0.0
CYP2D6_IC50,measurement,random_fold4,satisficing,1,0.02,0.85,gaussian,5913,1478,5.292429823902063,0.5594389029931628,0.7937457371310599,0.6596915375484246,675,0.17310087173100872,0.4,0.16429495472186287,803,5.292429823902063,0.2885714285714286,0.07642725598526703,0.8175006577216521,0.13210817923806067,1436,350,1086,0.37333333333333335,0.5961264536877182,0.09768225851553106,random,4,morgan,0.0
CYP3A4_IC50,measurement,random_fold0,satisficing,0,0.02,0.85,gaussian,9620,2405,5.257117856945184,0.536389526899118,0.7649280576185565,0.6520626114488169,1294,0.24392439243924394,0.5609756097560976,0.23177570093457944,1111,5.257117856945184,0.34770114942528735,0.09344660194174757,0.7794261243164825,0.17720541114432636,2344,696,1648,0.3207109737248841,0.5066735700726568,0.14509180032859292,random,0,morgan,0.0
CYP3A4_IC50,measurement,random_fold0,satisficing,1,0.02,0.85,gaussian,9620,2405,5.257117856945184,0.537647513786151,0.7713492979993758,0.6557362397674433,1294,0.21602160216021601,0.6341463414634146,0.2,1111,5.257117856945184,0.3793103448275862,0.07766990291262135,0.7715098761298962,0.1720866178178666,2344,696,1648,0.36398763523956723,0.5606822363002519,0.13702350456010814,random,0,morgan,0.0
CYP3A4_IC50,measurement,random_fold1,satisficing,0,0.02,0.85,gaussian,9620,2405,5.267606240177031,0.5194988986205433,0.7286284231338863,0.6833993105758396,1327,0.2597402597402597,0.6666666666666666,0.23702252693437806,1078,5.267606240177031,0.27994227994227994,0.10194174757281553,0.8090579862424523,0.16410527685564308,2341,693,1648,0.37829691032403917,0.661257955399291,0.12186835947297442,random,1,morgan,0.0
CYP3A4_IC50,measurement,random_fold1,satisficing,1,0.02,0.85,gaussian,9620,2405,5.267606240177031,0.5190607215643236,0.7331225610279903,0.6858743361280331,1327,0.25788497217068646,0.631578947368421,0.23702252693437806,1078,5.267606240177031,0.28715728715728717,0.11165048543689321,0.8005961137029098,0.16695712473837182,2341,693,1648,0.36473247927656366,0.5846463979736459,0.1294269465903209,random,1,morgan,0.0
CYP3A4_IC50,measurement,random_fold2,satisficing,0,0.02,0.85,gaussian,9620,2405,5.269626229077901,0.5059071795225742,0.721719823952646,0.6976790446585239,1326,0.2557924003707136,0.4807692307692308,0.24440116845180138,1079,5.269626229077901,0.28088235294117647,0.110381861575179,0.8043678927418223,0.1686439736853579,2356,680,1676,0.3861236802413273,0.6003943972174978,0.12945225945427669,random,2,morgan,0.0
CYP3A4_IC50,measurement,random_fold2,satisficing,1,0.02,0.85,gaussian,9620,2405,5.269626229077901,0.5295771277961542,0.755810390606641,0.6951939066606997,1326,0.24837812789620017,0.5192307692307693,0.23466407010710807,1079,5.269626229077901,0.31029411764705883,0.09785202863961814,0.7959269268566616,0.16549725679425023,2356,680,1676,0.37254901960784315,0.6335727620631956,0.12752136374288112,random,2,morgan,0.0
CYP3A4_IC50,measurement,random_fold3,satisficing,0,0.02,0.85,gaussian,9620,2405,5.267606240177031,0.5150260136233469,0.7560048619397659,0.6603948864213914,1318,0.26034958601655933,0.5111111111111111,0.2495201535508637,1087,5.267606240177031,0.30576070901033975,0.11330935251798561,0.7904649692358374,0.17504037074346615,2345,677,1668,0.32473444613050073,0.5126108701640357,0.14155922804183965,random,3,morgan,0.0
CYP3A4_IC50,measurement,random_fold3,satisficing,1,0.02,0.85,gaussian,9620,2405,5.267606240177031,0.5047136087853634,0.747668225658316,0.66963034970826,1318,0.24931002759889603,0.5333333333333333,0.23704414587332054,1087,5.267606240177031,0.30132939438700146,0.1091127098321343,0.7947789478904321,0.16986573908213382,2345,677,1668,0.38163884673748105,0.5738988528203893,0.13032164581275038,random,3,morgan,0.0
CYP3A4_IC50,measurement,random_fold4,satisficing,0,0.02,0.85,gaussian,9620,2405,5.251811972993799,0.5765131051085398,0.8036231638509196,0.6553605247077345,1333,0.21548507462686567,0.625,0.1996124031007752,1072,5.251811972993799,0.38589211618257263,0.08421052631578947,0.764948678750819,0.18799124310488818,2338,723,1615,0.37959489872468116,0.7230894408629878,0.14302235883631162,random,4,morgan,0.0
CYP3A4_IC50,measurement,random_fold4,satisficing,1,0.02,0.85,gaussian,9620,2405,5.251811972993799,0.5863277790547796,0.8161692232178366,0.6561900480794932,1333,0.21921641791044777,0.65,0.20251937984496124,1072,5.251811972993799,0.40387275242047027,0.07739938080495357,0.7593639333872881,0.18612944788182262,2338,723,1615,0.35408852213053266,0.6275543622123935,0.14691800443454492,random,4,morgan,0.0
hERG_IC50,measurement,random_fold0,satisficing,0,0.02,0.85,gaussian,13292,3324,5.277366077466188,0.4779655464599254,0.7129461383285435,0.7257716017964336,2378,0.27167019027484146,0.38235294117647056,0.2630979498861048,946,5.277366077466188,0.2917329093799682,0.09889558232931726,0.8046857541453573,0.1775835643671752,3250,1258,1992,0.37342304457527337,0.5158306387683242,0.14249925208291458,random,0,morgan,0.0
hERG_IC50,measurement,random_fold0,satisficing,1,0.02,0.85,gaussian,13292,3324,5.277366077466188,0.4604813628539775,0.704347503587174,0.7205219324869258,2378,0.32452431289640593,0.35294117647058826,0.3223234624145786,946,5.277366077466188,0.246422893481717,0.13052208835341367,0.8115275090824348,0.17902579649768527,3250,1258,1992,0.32338099243061397,0.3883063562308442,0.15119875360341095,random,0,morgan,0.0
hERG_IC50,measurement,random_fold1,satisficing,0,0.02,0.85,gaussian,13293,3323,5.2873511139324325,0.4810471763940016,0.6988303216696445,0.735428185333012,2288,0.24154589371980675,0.27586206896551724,0.23950870010235414,1035,5.2873511139324325,0.3211805555555556,0.09160671462829736,0.7936063649080736,0.1788766854552461,3237,1152,2085,0.40690559440559443,0.5944701016761795,0.1317884044776069,random,1,morgan,0.0
hERG_IC50,measurement,random_fold1,satisficing,1,0.02,0.85,gaussian,13293,3323,5.2873511139324325,0.4636786350874725,0.6745967176066671,0.7396754913883741,2288,0.3101449275362319,0.20689655172413793,0.3162743091095189,1035,5.2873511139324325,0.2309027777777778,0.13189448441247004,0.8186013689048761,0.1813853418243644,3237,1152,2085,0.4632867132867133,0.7329881722326977,0.11520137982332221,random,1,morgan,0.0
hERG_IC50,measurement,random_fold2,satisficing,0,0.02,0.85,gaussian,13293,3323,5.2839966563652006,0.4953757277469788,0.7193025890121446,0.720662022827971,2330,0.2688821752265861,0.3492063492063492,0.26344086021505375,993,5.2839966563652006,0.33277310924369746,0.08534233365477338,0.7909422785507645,0.18173640585800813,3264,1190,2074,0.38369098712446353,0.6116123018472662,0.13702732839291748,random,2,morgan,0.0
hERG_IC50,measurement,random_fold2,satisficing,1,0.02,0.85,gaussian,13293,3323,5.2839966563652006,0.46342591497670693,0.6956309420197243,0.7154843771207181,2330,0.3293051359516616,0.3492063492063492,0.3279569892473118,993,5.2839966563652006,0.253781512605042,0.13211186113789777,0.8070533131285301,0.18243203977333033,3264,1190,2074,0.3643776824034335,0.5341909962864849,0.14201249531259375,random,2,morgan,0.0
hERG_IC50,measurement,random_fold3,satisficing,0,0.02,0.85,gaussian,13293,3323,5.300000202445418,0.485907437741468,0.7355474286600427,0.7046241640583555,2364,0.36496350364963503,0.23636363636363636,0.372787610619469,959,5.300000202445418,0.23117803365810452,0.17210401891252955,0.798358973714683,0.19741716074835877,3244,1129,2115,0.36548223350253806,0.578851514574789,0.15336475269850336,random,3,morgan,0.0
hERG_IC50,measurement,random_fold3,satisficing,1,0.02,0.85,gaussian,13293,3323,5.300000202445418,0.47743148845566236,0.7115909866188695,0.701804077074436,2364,0.3284671532846715,0.23636363636363636,0.334070796460177,959,5.300000202445418,0.24977856510186006,0.14231678486997637,0.8039523250140819,0.18528237205489267,3244,1129,2115,0.4276649746192893,0.6221071185498929,0.1413122933914964,random,3,morgan,0.0
hERG_IC50,measurement,random_fold4,satisficing,0,0.02,0.85,gaussian,13293,3323,5.281913904065232,0.44354340391007707,0.6511762934708512,0.7333332127082242,2350,0.36382322713257964,0.23404255319148937,0.37041036717062636,973,5.281913904065232,0.2236734693877551,0.15620365793376173,0.8100614363392415,0.18701292776408132,3248,1225,2023,0.4327659574468085,0.6021941464667445,0.13735421523904584,random,4,morgan,0.0
hERG_IC50,measurement,random_fold4,satisficing,1,0.02,0.85,gaussian,13293,3323,5.281913904065232,0.45180265037240636,0.6695554123048232,0.7383678689245285,2350,0.2805755395683453,0.23404255319148937,0.28293736501079914,973,5.281913904065232,0.28,0.10084033613445378,0.8095798319327732,0.17811112011396274,3248,1225,2023,0.44340425531914895,0.6306308778894144,0.12305878557813255,random,4,morgan,0.0
hERG_Ki,measurement,random_fold0,satisficing,0,0.02,0.85,gaussian,2186,547,5.450018872843044,0.4345316707732242,0.6409832035870047,0.7612572025936796,349,0.17676767676767677,0.2857142857142857,0.16847826086956522,198,5.450018872843044,0.18235294117647058,0.07449856733524356,0.8715742457441429,0.11800779832739672,519,170,349,0.46131805157593125,0.4697895217930896,0.0936734094347382,random,0,morgan,0.0
hERG_Ki,measurement,random_fold0,satisficing,1,0.02,0.85,gaussian,2186,547,5.450018872843044,0.43137799230263124,0.63015795795808,0.7706427792382732,349,0.19696969696969696,0.35714285714285715,0.18478260869565216,198,5.450018872843044,0.18235294117647058,0.07736389684813753,0.870141580987696,0.11906879884531116,519,170,349,0.3839541547277937,0.38676116820096273,0.09817503680063078,random,0,morgan,0.0
hERG_Ki,measurement,random_fold1,satisficing,0,0.02,0.85,gaussian,2186,547,5.463008295879135,0.5026367203378103,0.7589802016399957,0.7282283782307349,371,0.16477272727272727,0.2,0.16374269005847952,176,5.463008295879135,0.30857142857142855,0.042492917847025496,0.824467826790773,0.14016923540478968,528,175,353,0.3881401617250674,0.45041264221505056,0.12169639032413895,random,1,morgan,0.0
hERG_Ki,measurement,random_fold1,satisficing,1,0.02,0.85,gaussian,2186,547,5.463008295879135,0.5483225290658577,0.7895531179395333,0.744278334230547,371,0.16477272727272727,0.2,0.16374269005847952,176,5.463008295879135,0.32,0.04815864022662889,0.8159206798866856,0.14507648257128694,528,175,353,0.38274932614555257,0.575938895142732,0.11921800633189839,random,1,morgan,0.0
hERG_Ki,measurement,random_fold2,satisficing,0,0.02,0.85,gaussian,2186,547,5.460832452985943,0.41251646884112564,0.6224977822545289,0.788037741357271,385,0.2962962962962963,0.11764705882352941,0.31724137931034485,162,5.460832452985943,0.20218579234972678,0.16417910447761194,0.8168175515863306,0.1716820897021567,518,183,335,0.4701298701298701,0.46920853368570503,0.1483765065809981,random,2,morgan,0.0
hERG_Ki,measurement,random_fold2,satisficing,1,0.02,0.85,gaussian,2186,547,5.460832452985943,0.40715952877959705,0.6055304447875534,0.7975758967678657,385,0.24691358024691357,0.11764705882352941,0.2620689655172414,162,5.460832452985943,0.20765027322404372,0.14328358208955225,0.8245330723432021,0.166843564456221,518,183,335,0.32727272727272727,0.3411173257977763,0.156680832650152,random,2,morgan,0.0
hERG_Ki,measurement,random_fold3,satisficing,0,0.02,0.85,gaussian,2187,546,5.422514279227764,0.4068168849519446,0.5652362787969374,0.7769540556497289,349,0.27411167512690354,0.05555555555555555,0.29608938547486036,197,5.422514279227764,0.25405405405405407,0.1299093655589124,0.8080182901935168,0.18073415904569706,516,185,331,0.4269340974212034,0.4583842753572684,0.14567210284847715,random,3,morgan,0.0
hERG_Ki,measurement,random_fold3,satisficing,1,0.02,0.85,gaussian,2187,546,5.422514279227764,0.4223788821823588,0.5590623820883462,0.7587894338770113,349,0.38578680203045684,0.05555555555555555,0.41899441340782123,197,5.422514279227764,0.2594594594594595,0.1419939577039275,0.7992732914183065,0.18599872063087966,516,185,331,0.3954154727793696,0.5203045258237836,0.13945165897829687,random,3,morgan,0.0
hERG_Ki,measurement,random_fold4,satisficing,0,0.02,0.85,gaussian,2187,546,5.419531455897478,0.45518233870310226,0.6477002890942061,0.7816147142498614,357,0.2222222222222222,0.15384615384615385,0.22727272727272727,189,5.419531455897478,0.1836734693877551,0.11280487804878049,0.8517608262817322,0.14406280611409517,524,196,328,0.37254901960784315,0.37592131261697787,0.1269244824867985,random,4,morgan,0.0
hERG_Ki,measurement,random_fold4,satisficing,1,0.02,0.85,gaussian,2187,546,5.419531455897478,0.4957234824083697,0.6765408979978217,0.7976851351200615,357,0.14814814814814814,0.46153846153846156,0.125,189,5.419531455897478,0.2193877551020408,0.09146341463414634,0.8445744151319065,0.1441228743526853,524,196,328,0.40336134453781514,0.5557073451645879,0.11212027241404784,random,4,morgan,0.0
